CBSA,NAME,LON,LAT,POP,ALAND,AWATER,IS_MSA,CSA,ISCUS
33860,"Montgomery, AL",-86.280735716103,32.413346836633885,386047,2714.406,71.98700000000001,true,388,true
19300,"Daphne-Fairhope-Foley, AL",-87.761478,30.537395999999998,231767,1589.836,437.437,true,380,true
21640,"Eufaula, AL-GA",-85.2831416507252,31.845249328720225,27458,1036.2450000000001,28.835,false,,true
13820,"Birmingham, AL",-86.77897100080295,33.49140926425022,1180631,5279.768999999999,90.005,true,142,true
11500,"Anniston-Oxford, AL",-85.81797399999999,33.727215,116441,605.889,6.385,true,,true
29300,"LaGrange, GA-AL",-85.10655255561028,32.977494083418115,104198,1010.57,38.506,false,122,true
21460,"Enterprise, AL",-85.89955600000002,31.353217,53465,678.986,1.509,false,222,true
22520,"Florence-Muscle Shoals, AL",-87.6366047369699,34.81194259265473,150791,1260.967,82.15,true,250,true
45180,"Talladega-Sylacauga, AL",-86.16478682939044,33.33203088065186,92536,1387.726,38.945,false,142,true
18980,"Cullman, AL",-86.83269000000001,34.162652,87866,734.738,20.283,false,142,true
37120,"Ozark, AL",-85.63771,31.383858,49326,561.113,1.564,false,222,true
42820,"Selma, AL",-87.035342,32.411818,38462,978.738,15.106,false,388,true
22840,"Fort Payne, AL",-85.817465,34.452725,71608,777.077,1.586,false,290,true
23460,"Gadsden, AL",-86.025892,34.012182,103436,535.105,13.522,true,,true
40770,"Russellville, AL",-87.793592,34.463509,32113,633.92,12.602,false,250,true
20020,"Dothan, AL",-85.45021792623642,31.215354103352823,151007,1716.074,12.864,true,222,true
46220,"Tuscaloosa, AL",-87.57577769343142,33.18507862029076,268674,3493.269,64.53399999999999,true,,true
42460,"Scottsboro, AL",-85.943552,34.727289,52579,1078.015,48.778,false,174,true
19460,"Decatur, AL",-87.00373256087363,34.51958803165616,156494,1270.3539999999998,45.899,true,290,true
12220,"Auburn-Opelika, AL",-85.39531556571858,32.57581551455053,193773,1216.208,12.850000000000001,true,194,true
26620,"Huntsville, AL",-86.67996226435092,34.755841280818665,491723,1361.5639999999999,58.337999999999994,true,290,true
10700,"Albertville, AL",-86.291329,34.311249,97612,565.845,57.334,false,290,true
33660,"Mobile, AL",-88.175178,30.684049,414809,1229.374,414.678,true,380,true
45980,"Troy, AL",-85.946994,31.786040999999997,33009,672.067,0.903,false,,true
17980,"Columbus, GA-AL",-84.92894897573406,32.492047924091544,328883,2786.061,31.816000000000003,true,194,true
10760,"Alexander City, AL",-85.86401599999999,32.851728,41311,716.528,49.726,false,194,true
11260,"Anchorage, AK",-149.69654466835718,61.30329804863328,398328,26413.767,798.434,true,,false
21820,"Fairbanks-College, AK",-147.62324899999996,64.831239,95655,7334.809,100.133,true,,false
27940,"Juneau, AK",-134.53302300000001,58.360173,32255,2704.031,550.671,false,,false
28540,"Ketchikan, AK",-131.678418,55.369105,13948,4856.927,1795.997,false,,false
43420,"Sierra Vista-Douglas, AZ",-110.072835,31.603486,125447,6209.75,6.82,true,,true
22380,"Flagstaff, AZ",-111.601825,35.476113,145101,18616.355,45.032,true,,true
37740,"Payson, AZ",-111.015003,33.844439,53272,4757.33,37.494,false,429,true
40940,"Safford, AZ",-109.808107,32.867145,38533,4621.877,18.331,false,,true
38060,"Phoenix-Mesa-Chandler, AZ",-112.00506620742998,33.45321602560056,4845832,14567.839,32.837,true,429,true
29420,"Lake Havasu City-Kingman, AZ",-114.262415,35.034511,213267,13332.118,128.727,true,,true
43320,"Show Low, AZ",-110.20515700000001,34.862151,106717,9949.491,9.315,false,,true
46060,"Tucson, AZ",-110.95803,32.216427,1043433,9188.69,1.974,true,536,true
35700,"Nogales, AZ",-110.945948,31.439234,47669,1236.242,1.185,false,536,true
39150,"Prescott Valley-Prescott, AZ",-112.27384099999999,34.628734,236209,8122.872,4.445,true,,true
49740,"Yuma, AZ",-114.60544399999999,32.641391,203881,5513.838,5.117,true,,true
34260,"Mountain Home, AR",-92.383935,36.331791,41627,553.926,32.783,false,,true
22220,"Fayetteville-Springdale-Rogers, AR",-94.18990329950299,36.21928854320545,546725,2623.42,50.276999999999994,true,,true
25460,"Harrison, AR",-93.10963809819084,36.220596456320905,44598,1410.795,14.568999999999999,false,,true
15780,"Camden, AR",-92.78020960947042,33.57594787765161,27389,1361.3220000000001,10.839,false,,true
11660,"Arkadelphia, AR",-93.12396200000002,34.099325,21446,865.971,16.975,false,,true
38220,"Pine Bluff, AR",-92.05435937852494,34.2023324487368,74810,1470.281,44.645999999999994,false,340,true
31620,"Magnolia, AR",-93.24717799999999,33.258766,22801,766.065,0.767,false,,true
27860,"Jonesboro, AR",-90.65022232045068,35.79622902125995,134196,1465.453,10.897,true,308,true
22900,"Fort Smith, AR-OK",-94.40134077118041,35.39063061680449,227213,1800.0120000000002,64.28,true,,true
32820,"Memphis, TN-MS-AR",-89.88009678474646,35.09959993236189,1345425,4981.844999999999,118.636,true,368,true
30780,"Little Rock-North Little Rock-Conway, AR",-92.34308799541334,34.80628109950256,748031,4083.796,115.293,true,340,true
26300,"Hot Springs, AR",-93.080729,34.505767,100180,677.643,56.897,true,284,true
37500,"Paragould, AR",-90.522562,36.071536,45736,577.34,2.036,false,308,true
31680,"Malvern, AR",-92.895511,34.353569,33040,614.944,7.23,false,284,true
12900,"Batesville, AR",-91.607338,35.750729,37938,763.712,7.819,false,,true
45500,"Texarkana, TX-AR",-94.13892304972423,33.448231569377505,147519,2040.229,84.31,true,,true
14180,"Blytheville, AR",-90.00160599999998,35.843368,40685,902.093,27.886,false,,true
40780,"Russellville, AR",-93.14199188433213,35.26513306812205,83644,1741.339,37.748000000000005,false,,true
22620,"Forrest City, AR",-90.77494799999998,35.016355,23090,634.784,7.729,false,368,true
20980,"El Dorado, AR",-92.65198000000001,33.207421,39054,1039.067,16.256,false,,true
42620,"Searcy, AR",-91.773595,35.239408,76822,1034.079,7.936,false,340,true
41860,"San Francisco-Oakland-Fremont, CA",-122.2064267396401,37.76504530716857,4749008,2470.349,955.808,true,488,true
23820,"Gardnerville Ranchos, NV-CA",-119.75840055856315,38.95202936013572,50692,1448.825,32.77,false,456,true
17020,"Chico, CA",-121.72651,39.658926,211632,1636.49,40.641,true,,true
18860,"Crescent City, CA",-124.164236,41.790833,27743,1006.228,223.454,false,152,true
40900,"Sacramento-Roseville-Folsom, CA",-121.33159529731134,38.63061470692656,2397382,5094.929,211.596,true,472,true
23420,"Fresno, CA",-119.79797873645826,36.783179852213344,1164909,8095.3009999999995,69.066,true,260,true
21700,"Eureka-Arcata, CA",-124.088127,40.757636,136463,3568.188,484.066,false,,true
20940,"El Centro, CA",-115.540049,32.841599,179702,4175.539,305.104,true,,true
13860,"Bishop, CA",-118.26856699999999,37.171422,19016,10197.261,29.838,false,,true
12540,"Bakersfield-Delano, CA",-118.941786,35.369809,909235,8134.646,30.273,true,,true
25260,"Hanford-Corcoran, CA",-119.72692199999999,36.252657,152486,1390.972,1.222,true,260,true
17340,"Clearlake, CA",-122.732922,38.976233,68163,1256.551,72.876,false,,true
45000,"Susanville, CA",-120.58446700000002,40.393749,32730,4541.34,178.775,false,,true
31080,"Los Angeles-Long Beach-Anaheim, CA",-118.15222888242934,33.986961188575364,13200998,4852.1230000000005,847.029,true,348,true
46380,"Ukiah, CA",-123.394154,39.285646,91601,3506.824,371.33,false,,true
32900,"Merced, CA",-120.62894400000002,37.274812,281202,1938.004,40.648,true,488,true
41500,"Salinas, CA",-121.64669199999999,36.614681,439035,3281.723,489.498,true,,true
34900,"Napa, CA",-122.319983,38.325108,138019,748.279,40.256,true,488,true
46020,"Truckee-Grass Valley, CA",-120.91520599999998,39.220021,102241,957.76,16.036,false,472,true
40140,"Riverside-San Bernardino-Ontario, CA",-117.21077151685051,33.98505071164795,4599839,27277.28,131.124,true,348,true
41940,"San Jose-Sunnyvale-Santa Clara, CA",-121.89467072575944,37.30035396998502,2000468,2679.736,14.793,true,488,true
41740,"San Diego-Chula Vista-Carlsbad, CA",-117.11234800000001,32.884418,3298634,4210.234,315.568,true,,true
44700,"Stockton-Lodi, CA",-121.30228900000002,37.924541,779233,1392.37,34.374,true,488,true
42020,"San Luis Obispo-Paso Robles, CA",-120.665804,35.341822,282424,3300.854,314.912,true,,true
42200,"Santa Maria-Santa Barbara, CA",-120.1029,34.645128,448229,2733.936,1053.755,true,,true
42100,"Santa Cruz-Watsonville, CA",-121.93873900000001,36.986338,270861,445.108,162.053,true,488,true
39820,"Redding, CA",-122.30014699999998,40.578348,182155,3775.52,71.876,true,454,true
46700,"Vallejo, CA",-122.06727199999999,38.23629499999999,453491,821.829,84.409,true,488,true
42220,"Santa Rosa-Petaluma, CA",-122.720368,38.412281,488863,1575.63,192.311,true,,true
33700,"Modesto, CA",-120.955882,37.618447,552878,1496.017,17.897,true,488,true
49700,"Yuba City, CA",-121.58393270927075,39.13481468299413,181208,1234.702,17.721,true,472,true
39780,"Red Bluff, CA",-122.21905700000002,40.114795,65829,2949.137,13.038,false,454,true
47300,"Visalia, CA",-119.23454000000001,36.254134,473117,4823.899,14.387,true,,true
43760,"Sonora, CA",-120.32522400000002,37.972006,55620,2220.911,53.54,false,,true
37100,"Oxnard-Thousand Oaks-Ventura, CA",-119.025486,34.242809,843843,1840.789,365.772,true,348,true
19740,"Denver-Aurora-Centennial, CO",-104.95226841172457,39.70484113649575,2963821,8344.705,57.65599999999999,true,216,true
10480,"Alamosa, CO",-105.85210879058897,37.38056860005122,27336,3237.666,7.62,false,,true
14500,"Boulder, CO",-105.180215,40.062992,330758,726.383,14.088,true,216,true
20780,"Edwards, CO",-106.73342099999999,39.600516,55731,1684.469,7.324,false,233,true
17820,"Colorado Springs, CO",-104.7647979892372,38.879521817826664,755105,2683.491,4.645,true,,true
15860,"Cañon City, CO",-105.214303,38.426941,48939,1533.87,0.863,false,444,true
40090,"Rifle, CO",-107.40797401365921,39.446636470794374,79043,3918.131,10.876000000000001,false,233,true
14720,"Breckenridge, CO",-106.104501793794,39.50910059413889,38491,985.247,17.924,false,,true
20420,"Durango, CO",-107.803947,37.266021,55638,1689.682,9.901,false,,true
22660,"Fort Collins-Loveland, CO",-105.089155,40.504402,359066,2595.77,38.218,true,,true
44540,"Sterling, CO",-103.185977,40.64034,21528,1838.598,6.318,false,,true
24300,"Grand Junction, CO",-108.54667299999998,39.092942,155703,3328.721,12.352,true,,true
44460,"Steamboat Springs, CO",-107.14711520977743,40.4766186179796,38121,7105.263999999999,13.759,false,,true
33940,"Montrose, CO",-107.92234900000001,38.481301,42679,2240.946,1.901,false,,true
22820,"Fort Morgan, CO",-103.78907099999999,40.254229,29111,1280.485,13.383,false,,true
39380,"Pueblo, CO",-104.64697599999998,38.265773,168162,2386.591,11.174,true,444,true
24540,"Greeley, CO",-104.80700900000001,40.322426,328981,3984.941,31.804,true,216,true
20100,"Dover, DE",-75.55913000000001,39.127081,181851,586.061,212.27,true,428,true
37980,"Philadelphia-Camden-Wilmington, PA-NJ-DE-MD",-75.24615264741912,39.97675936633216,6245051,4603.204000000001,267.15599999999995,true,428,true
42580,"Seaford, DE",-75.331473,38.661794,237378,936.156,260.266,false,,true
47900,"Washington-Arlington-Alexandria, DC-VA-MD-WV",-77.21000864086722,38.89589672814421,6278542,6033.857000000001,302.461,true,548,true
23540,"Gainesville, FL",-82.4479086859312,29.630853485940925,339247,2343.553,571.452,true,264,true
27260,"Jacksonville, FL",-81.62397889145478,30.234945174648537,1605848,3201.812,496.62,true,300,true
37460,"Panama City-Panama City Beach, FL",-85.66472411146219,30.267939871911995,200534,1343.319,739.356,true,,true
37340,"Palm Bay-Melbourne-Titusville, FL",-80.690892,28.225111000000002,606612,1014.971,542.065,true,,true
33100,"Miami-Fort Lauderdale-West Palm Beach, FL",-80.23957430267929,26.091231463258836,6138333,5066.934,1013.915,true,370,true
39460,"Punta Gorda, FL",-82.117344,26.953831,186847,681.119,266.117,true,412,true
26140,"Homosassa Springs, FL",-82.455213,28.865585,153843,581.918,378.823,true,,true
34940,"Naples-Marco Island, FL",-81.69256999999999,26.203653,375752,1996.95,608.192,true,163,true
29380,"Lake City, FL",-82.664496,30.122022,69698,797.551,3.767,false,264,true
11580,"Arcadia, FL",-81.87051,27.1868,33976,636.695,2.411,false,412,true
37860,"Pensacola-Ferry Pass-Brent, FL",-87.18816081673364,30.50836293374256,509905,1669.394,678.485,true,,true
19660,"Deltona-Daytona Beach-Ormond Beach, FL",-81.14274601239391,29.14981690009882,668921,1587.513,415.753,true,422,true
45220,"Tallahassee, FL",-84.29537198118615,30.45754784610901,384298,2389.302,430.527,true,533,true
17500,"Clewiston, FL",-81.2099221371812,26.7665071460431,51745,1962.772,213.851,false,163,true
45300,"Tampa-St. Petersburg-Clearwater, FL",-82.52362333323941,28.031397571683712,3175275,2515.179,1409.471,true,,true
42700,"Sebring, FL",-81.44481599999999,27.462632,101235,1017.66,89.061,true,,true
42680,"Sebastian-Vero Beach-West Vero Corridor, FL",-80.44073800000001,27.671332000000003,159788,502.81,114.097,true,370,true
36740,"Orlando-Kissimmee-Sanford, FL",-81.42684158867532,28.54659756446381,2673376,3490.501,521.013,true,422,true
15980,"Cape Coral-Fort Myers, FL",-81.851845,26.576019000000002,760822,781.009,733.819,true,163,true
35840,"North Port-Bradenton-Sarasota, FL",-82.46604206540523,27.334025042177434,833716,1298.764,640.819,true,412,true
36100,"Ocala, FL",-82.12612499999999,29.135817,375908,1588.422,74.24,true,,true
38940,"Port St. Lucie, FL",-80.32089855658334,27.272604169182436,487657,1115.482,325.484,true,370,true
28580,"Key West-Key Largo, FL",-81.244796,24.747427,82874,983.042,4306.523,false,370,true
18880,"Crestview-Fort Walton Beach-Destin, FL",-86.46705790216963,30.54958454532308,286973,1968.4869999999999,687.6510000000001,true,,true
36380,"Okeechobee, FL",-80.824315,27.271934,39644,769.164,122.751,false,370,true
29460,"Lakeland-Winter Haven, FL",-81.786864,28.042479,725046,1797.764,212.649,true,422,true
37260,"Palatka, FL",-81.721195,29.609230000000004,73321,728.364,98.557,false,300,true
48680,"Wildwood-The Villages, FL",-82.02475400000002,28.83348,129752,557.133,22.693,true,422,true
20060,"Douglas, GA",-82.84483923689842,31.483749535326403,51378,934.988,12.195,false,,true
33300,"Milledgeville, GA",-83.243621,33.085482,43799,258.698,9.578,false,,true
12060,"Atlanta-Sandy Springs-Roswell, GA",-84.33944792006086,33.83182579316597,6104803,8785.113,148.302,true,122,true
22340,"Fitzgerald, GA",-83.24814,31.727139,17194,250.118,3.789,false,,true
31420,"Macon-Bibb County, GA",-83.70235919588242,32.862997681307256,233802,1723.5910000000001,14.091,true,356,true
15260,"Brunswick-St. Simons, GA",-81.55527357636751,31.231759519300407,113495,1294.2250000000001,312.188,true,,true
46660,"Valdosta, GA",-83.29213763471606,30.866296155496,148126,1607.368,21.517,true,,true
42340,"Savannah, GA",-81.18667522581902,32.07289023517903,404798,1349.51,217.823,true,496,true
44340,"Statesboro, GA",-81.77933482359711,32.38639348860927,91873,858.858,16.650000000000002,false,496,true
12260,"Augusta-Richmond County, GA-SC",-82.01910773527983,33.48431760734861,611000,3480.719,101.31700000000001,true,,true
28680,"Kingsland, GA",-81.631375,30.812543,54768,630.359,151.548,false,300,true
16860,"Chattanooga, TN-GA",-85.2439582012947,35.045190192491916,562647,2088.793,48.92000000000001,true,174,true
44900,"Summerville, GA",-85.34404200000002,34.496004,24965,313.327,0.22,false,174,true
12020,"Athens-Clarke County, GA",-83.36166923600938,33.95507277005315,215415,1024.951,10.081,true,122,true
34220,"Moultrie, GA",-83.767871,31.179661,45898,547.037,9.602,false,,true
18380,"Cordele, GA",-83.77804800000001,31.949313999999998,20128,272.68,8.266,false,,true
12460,"Bainbridge, GA",-84.569999,30.889772,29367,597.239,25.929,false,533,true
10500,"Albany, GA",-84.14481330338346,31.606043037590148,148922,1591.029,17.793999999999997,true,,true
40660,"Rome, GA",-85.18334599999999,34.256222,98584,509.811,8.654,true,122,true
15660,"Calhoun, GA",-84.907765,34.498248,57544,356.443,2.212,false,122,true
45620,"Thomasville, GA",-84.04429404813838,30.873846749534945,72034,999.095,13.387,false,,true
18460,"Cornelia, GA",-83.541387,34.565656,46031,276.868,2.189,false,122,true
23580,"Gainesville, GA",-83.847644,34.26936,203136,392.988,36.289,true,122,true
47580,"Warner Robins, GA",-83.68691608283473,32.56916835898733,191614,526.3299999999999,4.891,true,356,true
27600,"Jefferson, GA",-83.599045,34.129495,75907,339.658,3.42,false,122,true
20140,"Dublin, GA",-82.88779741703301,32.54594738765125,58759,1110.355,14.709,false,,true
25980,"Hinesville, GA",-81.60828537859344,31.818267089015524,81424,916.861,89.478,true,496,true
47080,"Vidalia, GA",-82.40752584399695,32.182546980639735,35640,605.158,10.528,false,,true
19140,"Dalton, GA",-84.91741983277643,34.79031174223066,142837,634.9390000000001,2.818,true,174,true
48180,"Waycross, GA",-82.33402434777584,31.257273303107183,55967,1239.6979999999999,11.518999999999998,false,,true
16340,"Cedartown, GA",-85.174625,34.010871,42853,310.336,1.804,false,122,true
11140,"Americus, GA",-84.23359395441074,32.085422797997836,34163,649.7860000000001,10.649000000000001,false,,true
45740,"Toccoa, GA",-83.28970100000001,34.558402,26784,178.864,5.033,false,,true
45700,"Tifton, GA",-83.5360758352101,31.499376406037737,50350,546.307,12.462,false,,true
45580,"Thomaston, GA",-84.325253,32.90722,27700,323.467,4.087,false,122,true
27700,"Jesup, GA",-81.91655799999998,31.61057,30144,641.813,6.86,false,496,true
25900,"Hilo-Kailua, HI",-155.42806699999997,19.672735,200629,4028.449,1057.716,false,,false
46520,"Urban Honolulu, HI",-157.917219,21.371521,1016508,600.625,1565.597,true,,false
27980,"Kahului-Wailuku, HI",-156.49223625668884,20.863015548399623,164836,1173.521,1277.635,true,,false
28180,"Kapaa, HI",-159.438951,22.019834,73298,619.884,646.429,false,,false
14260,"Boise City, ID",-116.41513233512174,43.61850899468693,764718,11766.594000000001,66.024,true,147,true
38540,"Pocatello, ID",-112.42509200000002,42.871117,87018,1112.491,35.55,true,,true
13940,"Blackfoot, ID",-112.346259,43.223106,47992,2093.732,26.499,false,292,true
25200,"Hailey, ID",-114.32095099104039,43.4442534403465,30476,4913.335999999999,26.175,false,,true
41760,"Sandpoint, ID",-116.630197,48.236489999999996,47110,1733.22,184.912,false,,true
26820,"Idaho Falls, ID",-112.00883174259096,43.53586235619866,157429,5196.15,48.371,true,292,true
15420,"Burley, ID",-113.731370130281,42.545194309522785,46268,3322.606,20.497,false,,true
34300,"Mountain Home, ID",-115.685056,43.11765799999999,28666,3075.079,26.383,false,147,true
30860,"Logan, UT-ID",-111.84280115422013,41.77940889308304,147348,1827.7450000000001,12.838000000000001,true,,true
39940,"Rexburg, ID",-111.7582122146392,43.8582985534909,66301,2333.227,36.271,false,292,true
46300,"Twin Falls, ID",-114.49228829769861,42.589791122756665,114283,2519.253,11.961,true,,true
17660,"Coeur d'Alene, ID",-116.83740200000001,47.738595,171362,1237.779,71.216,true,518,true
34140,"Moscow, ID",-116.93483600000002,46.742589,39517,1075.867,0.915,false,446,true
30300,"Lewiston, ID-WA",-116.9921704265457,46.3920268456699,64375,1484.395,12.565999999999999,true,,true
14940,"Brigham City, UT-ID",-112.11274066419244,41.63587360809899,62230,6944.548,985.197,false,482,true
36620,"Ontario, OR-ID",-116.9863811951165,43.99505992854258,56957,10294.603,45.510000000000005,false,147,true
27220,"Jackson, WY-ID",-110.8974219547651,43.55849815748977,34961,4445.9400000000005,221.518,false,,true
39500,"Quincy, IL-MO",-91.36894100916345,39.96309200043554,75769,1360.166,21.898999999999997,false,448,true
16020,"Cape Girardeau, MO-IL",-89.63332226707912,37.34279084268384,97517,1431.815,28.36,true,164,true
41180,"St. Louis, MO-IL",-90.36483178099868,38.65427629235355,2820253,7863.665,218.35899999999998,true,476,true
40420,"Rockford, IL",-89.02757411528093,42.30610939452417,338798,793.7909999999999,7.427,true,466,true
36837,"Ottawa, IL",-89.02686226353947,41.35589653762312,148539,2164.3320000000003,29.508,false,176,true
16580,"Champaign-Urbana, IL",-88.25993408591414,40.14116503773425,236072,1920.8890000000001,3.284,true,169,true
45380,"Taylorville, IL",-89.254079,39.525376,34032,709.49,6.265,false,522,true
16660,"Charleston-Mattoon, IL",-88.264625,39.487996,46863,508.272,1.795,false,,true
16980,"Chicago-Naperville-Elgin, IL-IN",-87.86689397393302,41.860665376224155,9449351,6922.945000000001,1901.5559999999998,true,176,true
20820,"Effingham, IL",-88.50565275007123,39.13735243743074,45118,824.713,2.206,false,,true
15900,"Canton, IL",-90.11657499999998,40.524812,33609,865.683,16.96,false,427,true
15460,"Burlington, IA-IL",-91.11525905921931,40.83379763845288,45297,794.922,30.081,false,161,true
19340,"Davenport-Moline-Rock Island, IA-IL",-90.49024976221924,41.494525980446184,384324,2269.893,44.033,true,209,true
16060,"Carbondale, IL",-89.277101,37.750199,52974,583.57,18.653,false,166,true
34500,"Mount Vernon, IL",-88.91159800000001,38.311195,37113,571.234,12.568,false,,true
28100,"Kankakee, IL",-87.85169900000001,41.150459,107502,676.49,4.81,true,176,true
23660,"Galesburg, IL",-90.327754,40.937986,49967,716.385,3.412,false,,true
19940,"Dixon, IL",-89.401894,41.812143,34145,724.787,3.758,false,221,true
38700,"Pontiac, IL",-88.576241,40.90184,35815,1043.628,2.307,false,145,true
30660,"Lincoln, IL",-89.36141099999999,40.141565,27987,618.052,0.873,false,522,true
31380,"Macomb, IL",-90.667814,40.469964999999995,27238,589.323,0.777,false,,true
14010,"Bloomington, IL",-88.953797,40.493799,170954,1183.248,3.013,true,145,true
19500,"Decatur, IL",-88.94655400000002,39.850646,103998,580.576,5.176,true,,true
16460,"Centralia, IL",-89.016141,38.590624,37729,572.538,3.565,false,476,true
37900,"Peoria, IL",-89.55645982707887,40.71321874530482,368782,2467.6510000000003,50.392999999999994,true,427,true
37140,"Paducah, KY-IL",-88.67183864689675,37.06505451375066,103486,1235.511,89.62899999999999,true,424,true
44100,"Springfield, IL",-89.66335920019561,39.78441609975556,208640,1182.647,9.775,true,522,true
27300,"Jacksonville, IL",-90.258941510335,39.70776498608176,37864,819.7379999999999,5.365,false,522,true
40300,"Rochelle, IL",-89.25403000000001,42.028664,51788,758.654,4.78,false,466,true
23300,"Freeport, IL",-89.64363900000001,42.324957,44630,564.247,0.521,false,466,true
19180,"Danville, IL",-87.655499,40.151056,74188,898.319,2.908,false,169,true
44580,"Sterling, IL",-89.82525,41.781958,55691,684.099,12.31,false,221,true
32060,"Marion-Herrin, IL",-88.976636,37.754392,67153,420.21,24.12,false,166,true
19540,"Decatur, IN",-84.934318,40.749532,35809,338.926,1.04,false,258,true
23060,"Fort Wayne, IN",-85.15642184499377,41.08481990283196,447781,1360.955,7.23,true,258,true
18020,"Columbus, IN",-85.90529400000001,39.215015,82208,406.94,2.593,true,294,true
29200,"Lafayette-West Lafayette, IN",-86.89339722131017,40.43540818043859,223716,1642.24,8.936,true,320,true
26900,"Indianapolis-Carmel-Greenwood, IN",-86.11620742486889,39.81819614647269,2089673,4086.558,32.019,true,294,true
30900,"Logansport, IN",-86.33897400000001,40.747129,37870,412.144,2.704,false,,true
31140,"Louisville/Jefferson County, KY-IN",-85.68278107358012,38.21242378658255,1362180,3959.958000000001,80.03,true,350,true
45460,"Terre Haute, IN",-87.3512390418637,39.44525981937527,168875,1465.246,19.552999999999997,true,,true
23140,"Frankfort, IN",-86.513556,40.297795,33190,405.067,0.178,false,320,true
47780,"Washington, IN",-87.09615800000002,38.697526,33381,429.499,7.375,false,,true
17140,"Cincinnati, OH-KY-IN",-84.46550546903245,39.19364160114535,2249797,4385.259,80.53500000000001,true,178,true
24700,"Greensburg, IN",-85.493081,39.320693,26472,372.568,0.755,false,294,true
12140,"Auburn, IN",-85.034535,41.377157,43265,362.833,1.026,false,258,true
34620,"Muncie, IN",-85.402908,40.20524,111903,392.101,3.808,true,294,true
27540,"Jasper, IN",-86.91567399999998,38.35868,43637,427.265,8.069,false,,true
21140,"Elkhart-Goshen, IN",-85.905688,41.637245,207047,463.161,4.81,true,515,true
18220,"Connersville, IN",-85.14725200000001,39.64037,23398,215.021,0.141,false,458,true
31980,"Marion, IN",-85.644184,40.525256,66674,414.089,0.812,false,,true
35220,"New Castle, IN",-85.40373800000002,39.928844,48914,391.877,2.954,false,294,true
29020,"Kokomo, IN",-86.133562,40.470296,83658,293.074,0.847,true,294,true
26540,"Huntington, IN",-85.486182,40.869855,36662,382.649,5.071,false,258,true
42980,"Seymour, IN",-85.93629399999999,38.928711,46428,509.978,3.928,false,294,true
31500,"Madison, IN",-85.433151,38.758699,33147,360.64,2.372,false,,true
47180,"Vincennes, IN",-87.454832,38.699306,36282,515.827,8.067,false,,true
47700,"Warsaw, IN",-85.83050900000002,41.267835,80240,531.444,22.949,false,515,true
33140,"Michigan City-La Porte, IN",-86.791226,41.632279,112417,598.287,14.973,true,176,true
13260,"Bedford, IN",-86.495942,38.847818,45011,449.146,2.783,false,144,true
38500,"Plymouth, IN",-86.272256,41.347653,46095,443.62,6.123,false,515,true
37940,"Peru, IN",-86.07611100000001,40.729384,35962,373.842,3.546,false,294,true
14020,"Bloomington, IN",-86.57287610723132,39.18243938417402,161039,779.817,19.336000000000002,true,144,true
18820,"Crawfordsville, IN",-86.90058,40.034526,37936,504.647,0.798,false,294,true
28340,"Kendallville, IN",-85.388959,41.415849,47457,410.845,6.588,false,258,true
21780,"Evansville, IN",-87.52888564612472,38.00263163925781,269256,1027.6290000000001,19.9,true,241,true
24600,"Greencastle, IN",-86.83430400000002,39.646449,36726,480.537,2.157,false,294,true
43780,"South Bend-Mishawaka, IN-MI",-86.19750129085462,41.71073683345506,324501,947.885,21.810000000000002,true,515,true
11420,"Angola, IN",-85.010961,41.650003,34435,308.777,13.689,false,258,true
47340,"Wabash, IN",-85.80421000000001,40.855768,30976,412.538,8.438,false,,true
39980,"Richmond, IN",-84.948672,39.843304,66553,401.754,2.588,false,458,true
33900,"Monticello, IN",-86.809953,40.753581,24688,505.139,3.54,false,320,true
16300,"Cedar Rapids, IA",-91.64873785897295,42.02322749686099,276520,2008.779,11.332,true,168,true
47940,"Waterloo-Cedar Falls, IA",-92.40064829185175,42.51927989609465,168461,1503.091,10.883,true,,true
11180,"Ames, IA",-93.66621750097029,42.025364486108,125252,1143.0320000000002,4.244,true,218,true
44740,"Storm Lake, IA",-95.18429600000002,42.676707,20823,574.899,5.327,false,,true
16140,"Carroll, IA",-94.86770100000001,42.039462,20760,569.453,0.828,false,,true
32380,"Mason City, IA",-93.24674306487296,43.16968310974886,50570,968.423,8.636,false,,true
43980,"Spencer, IA",-95.159344,43.127358,16384,567.238,5.354,false,517,true
17540,"Clinton, IA",-90.34116799999998,41.852141,46460,694.959,15.217,false,209,true
19780,"Des Moines-West Des Moines, IA",-93.66305680943763,41.610826956697004,709466,3612.371,32.292,true,218,true
44020,"Spirit Lake, IA",-95.134559,43.38895,17703,380.532,23.429,false,517,true
20220,"Dubuque, IA",-90.76221400000001,42.49317299999999,99266,608.299,8.162,true,,true
36540,"Omaha, NE-IA",-96.04129421566795,41.23992125299813,967604,4346.313,60.882999999999996,true,420,true
26980,"Iowa City, IA",-91.57844554014723,41.64262132567738,175419,1181.828,12.125,true,168,true
22800,"Fort Madison, IA",-91.397062,40.560697,33555,517.55,21.339,false,161,true
36820,"Oskaloosa, IA",-92.64210499999999,41.311761,22190,570.851,2.546,false,218,true
37800,"Pella, IA",-93.04172799999999,41.357267,33414,554.49,16.017,false,218,true
32260,"Marshalltown, IA",-92.938199,42.030436,40105,572.503,0.696,false,,true
34700,"Muscatine, IA",-91.077753,41.465515,43235,437.445,11.684,false,209,true
30180,"Le Mars, IA",-96.20304,42.748026,25698,862.828,0.84,false,512,true
36900,"Ottumwa, IA",-92.418899,41.01642,35437,431.842,4.179,false,,true
22700,"Fort Dodge, IA",-94.17949599999999,42.481229,36999,715.706,2.807,false,,true
43580,"Sioux City, IA-NE-SD",-96.38845709379723,42.500888107563014,144334,1597.929,14.456,true,512,true
11860,"Atchison, KS",-95.17919300000001,39.555375,16348,431.174,2.645,false,312,true
24460,"Great Bend, KS",-98.75829,38.396456,25493,895.257,5.377,false,,true
48620,"Wichita, KS",-97.31275404287265,37.69116161260326,647610,4148.067,33.26,true,556,true
21380,"Emporia, KS",-96.20716133239581,38.41192858504791,34751,1620.531,12.607,false,,true
27900,"Joplin, MO-KS",-94.46506148515361,37.06743946331891,200771,1850.8269999999998,8.042,true,309,true
11680,"Arkansas City-Winfield, KS",-96.99836000000002,37.17461,34549,1125.738,6.688,false,556,true
38260,"Pittsburg, KS",-94.729385,37.438265,38972,589.771,5.241,false,,true
41140,"St. Joseph, MO-KS",-94.79268043062581,39.785032983979185,121467,1655.718,19.924999999999997,true,312,true
29940,"Lawrence, KS",-95.25418599999999,38.942493,118785,455.766,18.871,true,312,true
25700,"Hays, KS",-99.330542,38.882206,28934,899.912,0.462,false,,true
23780,"Garden City, KS",-100.863047,37.977246,38470,1301.997,0.663,false,,true
19980,"Dodge City, KS",-99.99552299999999,37.753005,34287,1098.271,0.81,false,,true
36840,"Ottawa, KS",-95.26035699999998,38.603542,25996,571.772,5.364,false,312,true
31740,"Manhattan, KS",-96.63255834752243,39.16078109586261,134046,1835.103,53.187000000000005,true,,true
45820,"Topeka, KS",-95.69915446752375,39.04550079983016,233152,3232.7129999999997,57.242999999999995,true,,true
28140,"Kansas City, MO-KS",-94.57486106089443,39.02698382135503,2192035,7256.509999999998,116.331,true,312,true
32700,"McPherson, KS",-97.646719,38.382645,30223,898.285,2.318,false,,true
41460,"Salina, KS",-97.61287029880712,38.84166600064958,60038,1440.976,1.671,false,,true
26740,"Hutchinson, KS",-97.931942,38.051646,61898,1255.308,16.802,false,,true
30580,"Liberal, KS",-100.918735,37.051086,21964,639.653,0.757,false,,true
14540,"Bowling Green, KY",-86.41419281180927,36.97460690531009,179639,1615.0349999999999,23.872,true,150,true
23180,"Frankfort, KY",-84.88571045702658,38.142410021898584,75393,410.012,6.2780000000000005,false,336,true
23980,"Glasgow, KY",-85.87748608053575,36.99447576931223,54771,777.226,13.963999999999999,false,150,true
34460,"Mount Sterling, KY",-83.82807844875184,38.053196605934815,46977,679.7320000000001,9.044,false,336,true
33180,"Middlesborough, KY",-83.70439,36.680825,24097,359.062,2.055,false,371,true
30460,"Lexington-Fayette, KY",-84.49198819767759,38.036110231036105,516811,1469.9159999999997,14.349999999999998,true,336,true
26580,"Huntington-Ashland, WV-KY-OH",-82.47344812305123,38.41570928591936,376155,2915.5220000000004,40.921,true,170,true
19220,"Danville, KY",-84.74084368866146,37.56510672160178,54889,513.193,6.04,false,,true
34660,"Murray, KY",-88.30609000000001,36.621007,37103,385.031,25.666,false,,true
17300,"Clarksville, TN-KY",-87.41659961295052,36.62425054210928,320535,2157.959,84.255,true,,true
18340,"Corbin, KY",-84.02149336963812,36.99623631986548,149863,1727.422,20.271,false,371,true
36980,"Owensboro, KY",-87.10538798378802,37.72855577777777,112464,710.918,21.788999999999998,true,,true
40080,"Richmond-Berea, KY",-84.26119139609965,37.66434071877365,122901,1006.9970000000001,9.969,false,336,true
38210,"Pikeville, KY",-82.54580680344047,37.49986587720244,94611,1180.015,4.257,false,,true
32460,"Mayfield, KY",-88.65073600000001,36.742207,36649,551.754,5.034,false,424,true
15820,"Campbellsville, KY",-85.4013089361935,37.32506865284136,37130,552.418,13.195,false,,true
21060,"Elizabethtown, KY",-85.89298418428841,37.71979496210849,125569,884.948,8.811,true,350,true
25775,"Henderson, KY",-87.59103268672686,37.746920447690705,57810,768.425,32.783,false,241,true
31580,"Madisonville, KY",-87.52201,37.308856,45423,542.084,12.331,false,,true
43700,"Somerset, KY",-84.614379,37.092197,65034,658.411,18.744,false,,true
23190,"Franklin, KY",-86.57194699999998,36.732484,19594,234.205,2.26,false,150,true
29180,"Lafayette, LA",-92.07655960487135,30.186049243782055,408455,2835.151,450.611,true,318,true
12940,"Baton Rouge, LA",-91.05297031865203,30.43823044697089,870569,4370.695,202.08,true,132,true
19760,"DeRidder, LA",-93.28254400000002,30.723548,36549,1157.477,8.473,false,324,true
43340,"Shreveport-Bossier City, LA",-93.75192443765302,32.47531075534181,393406,2595.437,103.10499999999999,true,508,true
29340,"Lake Charles, LA",-93.19194651700612,30.22118237931373,254652,3000.243,689.372,true,324,true
35020,"Natchez, MS-LA",-91.38021044958445,31.583437787131658,55485,1679.331,82.851,false,,true
10780,"Alexandria, LA",-92.4673940588942,31.321882857554925,152192,1963.6019999999999,62.730000000000004,true,,true
35340,"New Iberia, LA",-91.80964000000002,29.994242,69929,573.714,456.397,false,318,true
35380,"New Orleans-Metairie, LA",-90.13776037722303,29.957876375901314,1007275,2358.2030000000004,4415.870999999999,true,406,true
26380,"Houma-Bayou Cane-Thibodaux, LA",-90.6824857585661,29.640535952248996,207137,2297.6459999999997,1253.026,true,,true
40820,"Ruston, LA",-92.64504500000001,32.54964,48396,471.636,0.733,false,384,true
33740,"Monroe, LA",-92.09270356753937,32.56540668644974,227147,2837.812,69.745,true,384,true
35060,"Natchitoches, LA",-93.097411,31.757091,37515,1253.323,46.229,false,,true
36660,"Opelousas, LA",-92.11273700000001,30.510054,82540,924.029,15.063,false,318,true
34020,"Morgan City, LA",-91.33900600000001,29.738031,49406,555.843,563.881,false,,true
43640,"Slidell-Mandeville-Covington, LA",-89.961836,30.386943,264570,845.257,250.366,true,406,true
25220,"Hammond, LA",-90.449002,30.561076,133157,791.171,52.776,true,132,true
14220,"Bogalusa, LA",-90.00410299999999,30.839567999999996,45463,669.637,6.232,false,406,true
33380,"Minden, LA",-93.338052,32.699031,36967,593.289,21.631,false,508,true
30340,"Lewiston-Auburn, ME",-70.202081,44.11722600000001,111139,467.952,29.169,true,438,true
38860,"Portland-South Portland, ME",-70.40555621773234,43.63594890135027,551740,2081.378,775.826,true,438,true
12300,"Augusta-Waterville, ME",-69.748924,44.395615,123642,867.471,83.703,false,,true
12620,"Bangor, ME",-68.797457,44.944506,152199,3397.197,159.84,true,,true
19060,"Cumberland, MD-WV",-78.84592922371078,39.58206446285931,95044,750.086,7.037,false,,true
12580,"Baltimore-Columbia-Towson, MD",-76.6297918207649,39.295769279865425,2844510,2601.5099999999998,503.519,true,548,true
30500,"Lexington Park, MD",-76.56276223115279,38.41677171202072,206560,571.806,537.521,true,548,true
15700,"Cambridge, MD",-76.011658,38.571271,32531,540.765,442.223,false,548,true
41540,"Salisbury, MD",-75.62232840341677,38.326321977879694,128208,694.178,316.379,true,480,true
20660,"Easton, MD",-76.098027,38.7685,37526,268.558,208.249,false,548,true
25180,"Hagerstown-Martinsburg, MD-WV",-77.86387952573905,39.55009174268319,293844,1007.9799999999999,10.534,true,548,true
36180,"Ocean Pines, MD",-75.234513,38.30361,52460,468.402,226.461,false,480,true
12700,"Barnstable Town, MA",-70.328659,41.692343,228996,394.221,911.32,true,148,true
38340,"Pittsfield, MA",-73.218336,42.456888,129026,926.877,19.573,true,,true
39300,"Providence-Warwick, RI-MA",-71.33271493293628,41.769012229598495,1676579,1587.002,649.098,true,148,true
47240,"Vineyard Haven, MA",-70.60330999999998,41.419712,20600,103.202,387.759,false,,true
14460,"Boston-Cambridge-Newton, MA-NH",-71.10658312885333,42.42954261717708,4941632,3486.1009999999997,1025.0310000000002,true,148,true
24640,"Greenfield, MA",-72.559152,42.578152,71029,699.208,25.332,false,521,true
44140,"Springfield, MA",-72.574333,42.125553999999994,465825,617.002,17.15,true,521,true
11200,"Amherst Town-Northampton, MA",-72.572165,42.312741,162308,527.233,18.009,true,521,true
34880,"Nantucket, MA",-70.089225,41.267216,14255,46.192,257.463,false,,true
49340,"Worcester, MA",-71.80271500000002,42.303377,862111,1510.674,68.481,true,148,true
26090,"Holland, MI",-85.871027,42.608445,120502,825.253,1008.037,false,266,true
10980,"Alpena, MI",-83.50289500000001,45.050588,28907,571.897,1123.03,false,,true
24340,"Grand Rapids-Wyoming-Kentwood, MI",-85.6537395185131,42.94844160248779,1150015,3242.204,1138.986,true,266,true
13020,"Bay City, MI",-83.929196,43.629992,103856,442.408,188.309,true,474,true
45900,"Traverse City, MI",-85.62431063225826,44.73519042299672,153448,1690.977,2872.656,true,,true
35660,"Niles, MI",-86.40637700000002,41.985704,154316,567.781,1013.691,true,515,true
17740,"Coldwater, MI",-85.03070499999998,41.929177,44862,506.411,13.293,false,,true
12980,"Battle Creek, MI",-85.10604900000001,42.289631,134310,706.262,12.068,true,310,true
42300,"Sault Ste. Marie, MI",-84.396326,46.365585,36785,1558.507,1139.962,false,,true
29620,"Lansing-East Lansing, MI",-84.55611458398604,42.711483383245664,473203,1697.636,17.076999999999998,true,330,true
21540,"Escanaba, MI",-87.065752,45.801912,36903,1171.101,820.231,false,,true
27020,"Iron Mountain, MI-WI",-88.04842718664275,45.83608053027372,30505,1249.071,24.948999999999998,false,361,true
37950,"Petoskey, MI",-84.910442,45.432042,34112,467.535,414.462,false,,true
22420,"Flint, MI",-83.69380900000002,43.002399,406211,636.942,12.645,true,220,true
10940,"Alma, MI",-84.63125899999999,43.34413,41761,568.381,3.231,false,394,true
25880,"Hillsdale, MI",-84.605231,41.916883,45746,598.152,8.857,false,,true
26340,"Houghton, MI",-88.5287091022738,47.138171575786025,39407,1549.213,5918.571000000001,false,,true
34380,"Mount Pleasant, MI",-84.80345,43.608534,64394,572.699,4.999,false,394,true
27100,"Jackson, MI",-84.40661799999998,42.241802,160366,701.897,21.596,true,,true
28020,"Kalamazoo-Portage, MI",-85.586372,42.262549,261670,561.955,18.343,true,310,true
19820,"Detroit-Warren-Dearborn, MI",-83.20215391588154,42.50307584916443,4392041,3892.236,343.42299999999994,true,220,true
10300,"Adrian, MI",-84.05277700000002,41.926112,99423,749.627,11.775,false,220,true
32100,"Marquette, MI",-87.492759,46.486717,66017,1809.051,1615.968,false,,true
31220,"Ludington, MI",-86.34671899999998,43.97455,29052,494.969,747.346,false,,true
13660,"Big Rapids, MI",-85.382191,43.650863,39714,555.155,16.087,false,266,true
31940,"Marinette, WI-MI",-87.75172055580407,45.263303724905924,65374,2443.5069999999996,444.664,false,361,true
33220,"Midland, MI",-84.296349,43.643318,83494,517.45,10.619,true,474,true
15620,"Cadillac, MI",-85.39180733890674,44.309065384956384,48725,1129.713,19.603,false,,true
33780,"Monroe, MI",-83.486421,41.901664,154809,549.353,130.581,true,220,true
34740,"Muskegon-Norton Shores, MI",-86.21494100000001,43.243847,175824,503.914,956.11,true,266,true
40980,"Saginaw, MI",-83.996446,43.399088,190124,800.797,15.169,true,474,true
44780,"Sturgis, MI",-85.52688700000002,41.887521,60939,500.596,20.431,false,310,true
37020,"Owosso, MI",-84.14787600000001,42.942704,68094,530.967,9.974,false,330,true
11460,"Ann Arbor, MI",-83.726939,42.257602,372258,706.003,16.418,true,220,true
33460,"Minneapolis-St. Paul-Bloomington, MN-WI",-93.26542210155297,44.994477310658795,3690261,7047.677,472.334,true,378,true
19810,"Detroit Lakes, MN",-95.78110800000002,46.846984,35183,1315.059,130.091,false,,true
13420,"Bemidji, MN",-94.86333000000002,47.585267,46228,2504.704,550.693,false,,true
41060,"St. Cloud, MN",-94.30314660005095,45.57480555409648,199671,1751.126,51.94,true,378,true
31860,"Mankato, MN",-94.01566360280538,44.177446175231246,103566,1196.441,36.092,true,359,true
35580,"New Ulm, MN",-94.59176,44.285144,25912,611.109,7.156,false,359,true
20260,"Duluth, MN-WI",-92.29010521103616,46.951444691244006,280733,8413.037,801.933,true,228,true
14660,"Brainerd, MN",-94.24182659660539,46.551785276892375,96189,3019.83,550.7040000000001,false,,true
22020,"Fargo, ND-MN",-96.81584288436306,46.853706820499276,249843,2810.111,10.329,true,244,true
40340,"Rochester, MN",-92.44521464577757,44.02011023327546,226329,2477.049,28.942,true,462,true
10820,"Alexandria, MN",-95.38946499999999,45.907933,39006,636.937,83.215,false,,true
10660,"Albert Lea, MN",-93.36166600000001,43.66277199999999,30895,707.245,15.176,false,,true
39860,"Red Wing, MN",-92.66657000000001,44.446352999999995,47582,756.704,22.848,false,378,true
29100,"La Crosse-Onalaska, WI-MN",-91.16681307171534,43.799352018568634,170341,1795.4099999999999,69.862,true,317,true
24330,"Grand Rapids, MN",-93.521135,47.315008999999996,45014,2667.74,260.191,false,228,true
48820,"Willmar, MN",-95.01749200000002,45.154628,43732,797.373,64.976,false,,true
32140,"Marshall, MN",-95.796682,44.428528,25269,714.411,7.257,false,,true
26780,"Hutchinson, MN",-94.26477499999999,44.85967,36771,491.51,14.067,false,378,true
21860,"Fairmont, MN",-94.50935,43.665559,20025,712.331,17.247,false,,true
12380,"Austin, MN",-92.901937,43.665401,40029,711.273,0.238,false,462,true
49380,"Worthington, MN",-95.66388799999999,43.635008,22290,715.117,7.434,false,,true
22260,"Fergus Falls, MN",-95.78922499999999,46.408729,60081,1971.634,252.693,false,,true
24220,"Grand Forks, ND-MN",-96.94903432904884,47.86817113322857,104362,3407.224,29.984,true,,true
22060,"Faribault-Northfield, MN",-93.26165,44.372673,67097,495.84,20.101,false,378,true
43620,"Sioux Falls, SD-MN",-96.74154258912709,43.529025276182296,286434,3057.859,11.042,true,,true
36940,"Owatonna, MN",-93.21461599999999,44.06586,37406,429.645,2.694,false,378,true
47420,"Wahpeton, ND-MN",-96.69749299240209,46.279840603646626,23035,2186.712,9.852,false,244,true
49100,"Winona, MN",-91.718459,44.023673,49671,626.177,15.464,false,462,true
18420,"Corinth, MS",-88.529805,34.909527,34740,400.044,1.316,false,539,true
17380,"Cleveland, MS",-90.76882500000002,33.771865,30985,876.507,31.447,false,,true
24900,"Greenwood, MS",-90.12928822256337,33.5000225125075,38337,1222.462,18.501,false,,true
32940,"Meridian, MS",-88.6997385163324,32.342398490536006,88599,1395.25,13.437999999999999,false,,true
17260,"Clarksdale, MS",-90.57036,34.220105,21390,553.095,29.939,false,368,true
27140,"Jackson, MS",-90.12790477151185,32.348093449021555,619968,6014.3910000000005,90.11300000000003,true,298,true
25620,"Hattiesburg, MS",-89.32929060332776,31.290997817611167,153891,1609.894,10.543,true,279,true
24980,"Grenada, MS",-89.76557464496466,33.682855204413215,31451,829.1030000000001,28.19,false,,true
25060,"Gulfport-Biloxi, MS",-88.96862562262781,30.447749463915496,416259,2215.915,813.019,true,,true
46180,"Tupelo, MS",-88.6211260525956,34.34732572947645,132214,1397.745,14.079,false,539,true
29860,"Laurel, MS",-89.16282262485136,31.72470819665602,83613,1371.156,6.105,false,279,true
37060,"Oxford, MS",-89.55758041210832,34.308633701101115,68294,1098.848,75.38499999999999,false,,true
15020,"Brookhaven, MS",-90.457896,31.549270000000003,34907,586.207,2.043,false,298,true
18060,"Columbus, MS",-88.41334333916569,33.46264867607425,69164,1200.601,15.843,false,523,true
44260,"Starkville, MS",-88.88893452824621,33.47002827475128,61714,879.3969999999999,5.764,false,523,true
38100,"Picayune, MS",-89.631685,30.640759000000003,56145,811.319,8.024,false,406,true
32620,"McComb, MS",-90.35506928759717,31.201578024572015,54208,813.113,1.9859999999999998,false,,true
46980,"Vicksburg, MS",-90.84377699999999,32.324815,44722,588.53,30.023,false,298,true
24740,"Greenville, MS",-91.01078,33.369011,44922,723.972,36.393,false,,true
28860,"Kirksville, MO",-92.57313777216724,40.231905503578005,29346,874.6289999999999,2.967,false,,true
33020,"Mexico, MO",-91.82661399999999,39.203899,24962,692.25,4.573,false,190,true
17860,"Columbia, MO",-92.37662486843524,38.96177849660919,210864,1714.105,17.587,true,190,true
38740,"Poplar Bluff, MO",-90.41797199999999,36.756985,42130,694.755,4.322,false,,true
27620,"Jefferson City, MO",-92.16548756495835,38.62383688765143,150309,2247.725,30.880000000000003,true,190,true
44180,"Springfield, MO",-93.26555960661283,37.21071893970116,475432,3006.959,13.711,true,,true
28380,"Kennett, MO",-90.05811900000002,36.324914,28283,541.909,5.293,false,,true
48460,"West Plains, MO",-91.873718,36.792561,39750,927.177,1.127,false,,true
47660,"Warrensburg, MO",-93.770288,38.758577,54013,829.261,3.931,false,312,true
30060,"Lebanon, MO",-92.653795,37.669688,36039,764.63,3.364,false,,true
25300,"Hannibal, MO",-91.46053551344313,39.69839250360082,38880,906.7090000000001,21.427,false,448,true
43460,"Sikeston, MO",-89.52552575551384,36.97569206353187,50636,831.601,23.046,false,164,true
32340,"Maryville, MO",-94.868321,40.352259,21241,876.964,0.912,false,,true
42740,"Sedalia, MO",-93.24749599999998,38.701441,42980,682.229,4.05,false,,true
40620,"Rolla, MO",-91.74702200000002,37.943357,44638,671.787,2.536,false,,true
22780,"Fort Leonard Wood, MO",-92.17573199999998,37.822042,53955,547.112,4.368,false,,true
33620,"Moberly, MO",-92.45180100000002,39.413737,24716,482.712,5.117,false,190,true
22100,"Farmington, MO",-90.48805399999999,37.834497,66922,451.886,2.787,false,476,true
32180,"Marshall, MO",-93.202654,39.111399,23333,755.51,11.406,false,,true
14700,"Branson, MO",-93.195143,36.657085,56066,632.332,19.287,false,,true
25740,"Helena, MT",-111.98703178516486,46.5682189815322,89832,6307.736999999999,87.352,true,,true
13740,"Billings, MT",-108.61069565536278,45.75485418593451,184167,6477.995,38.182,true,,true
24500,"Great Falls, MT",-111.30658600000001,47.491558,84414,2698.207,13.247,true,,true
28060,"Kalispell, MT",-114.28093000000001,48.24738,104357,5087.222,168.789,false,,true
14580,"Bozeman, MT",-111.128767,45.682956,118960,2605.352,28.423,true,,true
33540,"Missoula, MT",-114.05365693216649,46.88692288502903,122457,3812.6279999999997,28.758000000000003,true,,true
15580,"Butte-Silver Bow, MT",-112.52551700000001,45.98746,35133,717.983,0.586,false,,true
25580,"Hastings, NE",-98.36308925079679,40.547317056087856,40704,1710.476,2.336,false,,true
42420,"Scottsbluff, NE",-103.68115293022889,41.85947818902008,36758,1485.647,6.098,false,,true
28260,"Kearney, NE",-99.0632983365219,40.71060157965194,56772,1484.4630000000002,7.285,false,,true
18100,"Columbus, NE",-97.31266888731687,41.4784352874014,44878,1085.697,15.408999999999999,false,,true
30420,"Lexington, NE",-99.8544971349194,40.81039516808953,26004,1471.214,10.942,false,,true
23340,"Fremont, NE",-96.528637,41.471288,37167,529.067,13.935,false,420,true
13100,"Beatrice, NE",-96.71355599999998,40.280866,21704,851.461,8.499,false,339,true
24260,"Grand Island, NE",-98.35335072568624,40.960616151743295,77038,1602.987,21.529,true,,true
30700,"Lincoln, NE",-96.69380779053765,40.80319319885544,340217,1408.991,13.277999999999999,true,339,true
35820,"North Platte, NE",-100.78385519564738,41.12697922581374,35392,3134.8379999999997,11.443999999999999,false,,true
35740,"Norfolk, NE",-97.45615583050133,42.04181549185541,48744,1573.479,7.567,false,,true
21980,"Fallon, NV",-118.796052,39.474469,25516,4950.157,73.646,false,456,true
29820,"Las Vegas-Henderson-North Las Vegas, NV",-115.152976,36.141141,2265461,7891.651,169.271,true,332,true
21220,"Elko, NV",-115.55710189683585,40.825941928487865,55557,21349.134,33.144,false,,true
49080,"Winnemucca, NV",-117.744296,41.017558,17285,9640.792,17.064,false,,true
39900,"Reno, NV",-119.74188922672622,39.51415288855667,549831,8582.73,248.691,true,456,true
37220,"Pahrump, NV",-116.125667,36.414296,51591,18181.914,16.683,false,332,true
16180,"Carson City, NV",-119.75408000000002,39.166096,58639,144.534,12.585,true,456,true
29060,"Laconia, NH",-71.439516,43.518179,63705,401.847,68.163,false,148,true
28300,"Keene, NH",-72.260597,42.897949,76458,706.709,22.235,false,313,true
30150,"Lebanon-Claremont, NH-VT",-72.21270776332223,43.691741910601195,221211,3903.4500000000003,67.482,false,,true
31700,"Manchester-Nashua, NH",-71.531546,42.879411999999995,422937,876.526,15.954,true,148,true
18180,"Concord, NH",-71.586768,43.244048,153808,932.899,22.077,false,148,true
12100,"Atlantic City-Hammonton, NJ",-74.64217252085564,39.34281683738645,369797,807.0360000000001,485.106,true,428,true
35620,"New York-Newark-Jersey City, NY-NJ",-73.9488663205967,40.72651629011586,20081935,6139.408000000001,2505.6490000000003,true,408,true
47220,"Vineland, NJ",-75.08959999999999,39.431713,154152,483.361,194.485,true,428,true
45940,"Trenton-Princeton, NJ",-74.69945,40.255387,387340,224.44,4.415,true,408,true
10900,"Allentown-Bethlehem-Easton, PA-NJ",-75.39311320688898,40.68025521388833,861889,1452.9850000000001,22.465,true,106,true
10740,"Albuquerque, NM",-106.62316333243025,35.11026360665359,916528,9283.396,12.282,true,105,true
40740,"Roswell, NM",-104.514733,33.365668,65157,6067.177,7.904,false,,true
17580,"Clovis, NM",-103.25142861265213,34.349413103932214,67621,3851.577,10.298,false,,true
29740,"Las Cruces, NM",-106.72883600000002,32.24837,219561,3808.189,6.793,true,238,true
16100,"Carlsbad-Artesia, NM",-104.28859499999999,32.538156,62314,4176.347,21.812,false,,true
43500,"Silver City, NM",-108.24321,32.781053,28185,3961.207,5.905,false,,true
26020,"Hobbs, NM",-103.190527,32.75172,74455,4391.552,3.146,false,,true
40760,"Ruidoso, NM",-105.63110799999997,33.419573,20269,4831.115,0.214,false,,true
31060,"Los Alamos, NM",-106.27231399999998,35.869176,19419,109.123,0.08,false,105,true
19700,"Deming, NM",-107.741875,32.223031,25427,2965.179,0.167,false,,true
23700,"Gallup, NM",-108.634281,35.513228,72902,5451.064,4.899,false,,true
29780,"Las Vegas, NM",-105.2984691891695,35.63343877553361,31390,6647.764,22.191000000000003,false,105,true
10460,"Alamogordo, NM",-106.000317,32.778517,67839,6612.562,14.264,false,,true
21580,"Española, NM",-106.20515500000002,36.203984,40363,5860.874,35.314,false,105,true
22140,"Farmington, NM",-108.220154,36.723982,121661,5517.231,21.195,true,,true
42140,"Santa Fe, NM",-106.004765,35.632632,154823,1910.38,1.02,true,105,true
45340,"Taos, NM",-105.60791,36.435099,34489,2202.373,1.306,false,,true
10580,"Albany-Schenectady-Troy, NY",-73.81642883158473,42.79110007718663,899262,2811.743,66.541,true,104,true
13780,"Binghamton, NY",-76.00736208980936,42.12088857898826,247138,1224.4050000000002,13.959,true,,true
36460,"Olean, NY",-78.608393,42.223696,77042,1308.163,14.202,false,160,true
12180,"Auburn, NY",-76.560652,42.938915,76248,691.583,172.089,false,532,true
27460,"Jamestown-Dunkirk, NY",-79.314802,42.245031,127657,1060.412,439.78,false,,true
21300,"Elmira, NY",-76.813813,42.120553,84148,407.333,3.427,true,236,true
38460,"Plattsburgh, NY",-73.54283700000002,44.72994,79843,1037.751,79.762,false,,true
26460,"Hudson, NY",-73.680411,42.274439,61570,634.663,13.541,false,104,true
18660,"Cortland, NY",-76.146202,42.595471,46809,498.774,2.745,false,296,true
28880,"Kiryas Joel-Poughkeepsie-Newburgh, NY",-74.07091636074603,41.52928040986718,697221,1607.967,55.963,true,408,true
15380,"Buffalo-Cheektowaga, NY",-78.80333805442045,42.935480558854124,1166902,1565.0839999999998,801.441,true,160,true
24100,"Gloversville, NY",-74.329857,43.058597000000006,53324,495.46,37.42,false,104,true
12860,"Batavia, NY",-78.17104099999999,42.998899,58388,492.939,2.37,false,464,true
46540,"Utica-Rome, NY",-75.28158264064554,43.130848818828184,292264,2623.871,91.782,true,,true
48060,"Watertown-Fort Drum, NY",-75.89503999999998,44.019862,116721,1268.704,588.653,true,,true
40380,"Rochester, NY",-77.57110761224203,43.11260281856479,1065361,2927.873,1942.1169999999997,true,464,true
45060,"Syracuse, NY",-76.1468333917342,43.117201824679746,662057,2384.889,394.087,true,532,true
11220,"Amsterdam, NY",-74.344144,42.93270999999999,49532,403.111,7.187,false,104,true
36580,"Oneonta, NY",-75.060236,42.564145,58524,1001.737,14.021,false,,true
32390,"Massena-Ogdensburg, NY",-75.147873,44.65282700000001,108505,2679.516,141.8,false,,true
42900,"Seneca Falls, NY",-76.827711,42.82851,33814,323.698,66.726,false,464,true
18500,"Corning, NY",-77.31968,42.264824,93584,1390.508,13.529,false,236,true
33910,"Monticello, NY",-74.698587,41.698542,78624,968.145,28.47,false,408,true
27060,"Ithaca, NY",-76.478989,42.459082,105740,474.642,16.906,true,296,true
28740,"Kingston, NY",-74.09836199999998,41.841749,181851,1124.236,36.524,true,408,true
24020,"Glens Falls, NY",-73.59026184941234,43.34280608506049,127039,1698.384,79.105,true,104,true
15500,"Burlington, NC",-79.413154,36.071544,171415,423.452,10.788,true,268,true
25860,"Hickory-Lenoir-Morganton, NC",-81.3918278077149,35.762594986815444,365276,1639.484,29.020000000000003,true,172,true
16740,"Charlotte-Concord-Gastonia, NC-SC",-80.83323402052656,35.240516227400825,2660329,5597.413,116.539,true,172,true
47820,"Washington, NC",-76.961773,35.521622,44652,832.736,130.112,false,274,true
48900,"Wilmington, NC",-77.97779900925802,34.19042576352467,422598,1913.634,398.934,true,,true
11700,"Asheville, NC",-82.53322507201769,35.52889166805513,406926,1479.061,7.458,true,120,true
47260,"Virginia Beach-Chesapeake-Norfolk, VA-NC",-76.32663695091037,36.91398429720588,1780059,3201.871,1351.5910000000001,true,545,true
33980,"Morehead City, NC",-76.818665,34.744126,67686,507.604,822.807,false,404,true
20500,"Durham-Chapel Hill, NC",-78.99169776639503,35.98043404302518,588911,1758.1029999999998,54.038,true,450,true
43140,"Shelby-Kings Mountain, NC",-81.51578599999999,35.291366,99519,464.249,3.93,false,172,true
35100,"New Bern, NC",-77.03886237313874,35.06958341110602,122168,1514.4560000000001,294.15099999999995,false,404,true
22180,"Fayetteville, NC",-78.96865214255271,35.046224496295345,386810,1042.709,7.446999999999999,true,246,true
28620,"Kill Devil Hills, NC",-75.676005,35.920369,36915,383.229,1158.505,false,545,true
49180,"Winston-Salem, NC",-80.28449655873084,36.051413585630044,675966,2009.015,31.48,true,268,true
40580,"Rocky Mount, NC",-77.83414774363641,35.93114736963926,143870,1045.8799999999999,3.815,true,468,true
39580,"Raleigh-Cary, NC",-78.62425861876324,35.77307891180369,1413982,2118.406,28.823,true,450,true
24660,"Greensboro-High Point, NC",-79.83532779595683,36.05006225143645,776566,1993.901,26.459000000000003,true,268,true
40260,"Roanoke Rapids, NC",-77.61490285655228,36.38239477705657,66093,1260.433,20.391000000000002,false,468,true
11360,"Anderson Creek, NC",-78.86741900000001,35.354081,133568,594.933,6.291,false,450,true
48200,"Waynesville, NC",-82.94312199999999,35.518934,62089,553.56,0.942,false,120,true
41820,"Sanford, NC",-79.173582,35.453843,63285,255.062,4.141,false,450,true
28820,"Kinston, NC",-77.633969,35.260621,55122,399.087,2.278,false,,true
32000,"Marion, NC",-82.019915,35.667381,44578,439.954,5.397,false,172,true
38240,"Pinehurst-Southern Pines, NC",-79.439212,35.23777,99727,697.68,7.997,true,246,true
27340,"Jacksonville, NC",-77.405266,34.734255,204576,762.075,143.119,true,,true
21020,"Elizabeth City, NC",-76.247331,36.294076,40568,226.882,62.448,false,545,true
24780,"Greenville, NC",-77.383372,35.576487,170243,652.366,3.184,true,274,true
40460,"Rockingham, NC",-79.73537400000001,34.942668,42946,473.689,6.014,false,246,true
31300,"Lumberton, NC",-79.091794,34.677173,116530,947.295,1.96,false,246,true
22580,"Forest City, NC",-81.897864,35.350767,64444,565.437,1.812,false,,true
29900,"Laurinburg, NC",-79.47396599999999,34.785743,34174,319.14,1.483,false,246,true
10620,"Albemarle, NC",-80.25190899999998,35.320567999999994,62504,395.079,9.725,false,172,true
34340,"Mount Airy, NC",-80.657197,36.431129,71359,532.645,4.012,false,268,true
14820,"Brevard, NC",-82.74307700000001,35.210116,32986,378.358,1.966,false,120,true
25780,"Henderson, NC",-78.402975,36.332774,42578,252.396,16.29,false,450,true
14380,"Boone, NC",-81.686035,36.218213,54086,312.438,0.879,false,,true
24140,"Goldsboro, NC",-77.986675,35.372889,117333,553.922,3.8,true,,true
35900,"North Wilkesboro, NC",-81.133714,36.191877,65969,753.679,2.646,false,,true
48980,"Wilson, NC",-77.93379,35.727699,78784,367.574,5.534,false,468,true
19860,"Dickinson, ND",-102.78225833421024,46.934304575143464,38686,4491.893,83.607,false,,true
13900,"Bismarck, ND",-100.82524587658067,46.826730703672936,133626,4280.986,63.74499999999999,true,,true
33500,"Minot, ND",-101.2867165918624,48.25965902073608,77546,4764.214,96.227,true,,true
27420,"Jamestown, ND",-98.73948000000001,46.917429,21593,2221.904,76.167,false,,true
48780,"Williston, ND",-103.581969,48.198161,40950,2077.6,70.207,false,,true
30620,"Lima, OH",-84.123687,40.757218,102206,402.545,4.306,true,338,true
11740,"Ashland, OH",-82.28430500000002,40.854406,52447,422.987,3.848,false,360,true
17410,"Cleveland, OH",-81.65485702622554,41.45711445650956,2185825,2700.843,2645.935,true,184,true
11900,"Athens, OH",-82.09958,39.342729,62431,503.644,4.773,false,198,true
47540,"Wapakoneta, OH",-84.27252,40.543994,46422,401.388,0.517,false,338,true
48540,"Wheeling, WV-OH",-80.78458551171173,40.02839528815953,139513,943.388,19.066,true,,true
15940,"Canton-Massillon, OH",-81.37063939486971,40.82236589944568,401574,969.877,9.587,true,184,true
46500,"Urbana, OH",-83.756495,40.121157,38714,428.989,0.839,false,212,true
44220,"Springfield, OH",-83.83172,39.927551,136001,396.877,5.641,true,212,true
48940,"Wilmington, OH",-83.84298,39.411451,42018,408.731,3.602,false,178,true
41400,"Salem, OH",-80.730613,40.780285,101877,531.917,2.81,false,566,true
18740,"Coshocton, OH",-81.863132,40.291486,36612,563.988,3.525,false,184,true
15340,"Bucyrus, OH",-82.87345599999999,40.796314,42025,401.786,0.911,false,360,true
24820,"Greenville, OH",-84.606299,40.116114,51881,598.102,1.639,false,212,true
19580,"Defiance, OH",-84.448702,41.29476,38286,411.45,2.731,false,,true
18140,"Columbus, OH",-82.92618900230363,40.00625251588648,2138926,4796.574,53.72,true,198,true
41780,"Sandusky, OH",-82.78476569712032,41.44960551228596,115986,505.992,704.8689999999999,true,184,true
47920,"Washington Court House, OH",-83.44385599999998,39.548506999999994,28951,406.361,0.654,false,198,true
45780,"Toledo, OH",-83.64997469428769,41.60340586855865,606240,1362.272,261.311,true,,true
23680,"Gallipolis, OH",-82.27522199999999,38.83179,29220,466.53,4.667,false,,true
19430,"Dayton-Kettering-Beavercreek, OH",-84.16625874624829,39.7799030008255,814049,1281.431,8.58,true,212,true
15740,"Cambridge, OH",-81.541964,40.017747,38438,522.254,6.049,false,198,true
22300,"Findlay, OH",-83.642078,41.038819,74920,531.325,2.325,false,248,true
35940,"Norwalk, OH",-82.613754,41.17638399999999,58565,492.243,3.332,false,184,true
48260,"Weirton-Steubenville, WV-OH",-80.64110713274385,40.38246748281909,116903,579.9290000000001,11.562999999999999,true,430,true
34540,"Mount Vernon, OH",-82.45432299999999,40.400283,62721,525.499,4.139,false,198,true
13340,"Bellefontaine, OH",-83.776776,40.382633,46150,458.506,8.337,false,198,true
49660,"Youngstown-Warren, OH",-80.72649143768076,41.13841846656108,430591,1029.589,32.167,true,566,true
32020,"Marion, OH",-83.127065,40.582108,65359,403.806,0.351,false,198,true
16380,"Celina, OH",-84.606448,40.515597,42528,462.447,10.978,false,338,true
49780,"Zanesville, OH",-81.996844,39.963489,86410,664.546,8.04,false,198,true
10420,"Akron, OH",-81.45778286409865,41.13103381630232,702219,900.198,23.990000000000002,true,184,true
31900,"Mansfield, OH",-82.54038999999999,40.761551,124936,495.227,4.849,true,360,true
17060,"Chillicothe, OH",-83.02302299999998,39.341679,77093,689.166,3.859,false,198,true
23380,"Fremont, OH",-83.100451,41.340365,58896,408.246,9.465,false,184,true
39020,"Portsmouth, OH",-82.944686,38.780894,74008,610.145,6.216,false,170,true
45660,"Tiffin, OH",-83.20210799999998,41.127755,55069,551.026,1.767,false,248,true
43380,"Sidney, OH",-84.194302,40.319534,48230,407.694,3.013,false,212,true
35420,"New Philadelphia-Dover, OH",-81.46700900000002,40.481355,93263,567.389,4.019,false,184,true
46780,"Van Wert, OH",-84.565846,40.85622699999999,28931,409.15,1.269,false,338,true
31930,"Marietta, OH",-81.517688,39.409803,59771,631.974,8.025,false,425,true
49300,"Wooster, OH",-81.86447600000001,40.836466,116894,554.789,1.946,false,184,true
21120,"Elk City, OK",-99.51102199999998,35.361158,22410,901.675,2.132,false,555,true
20460,"Durant, OK",-96.38612499999999,33.980731,46067,904.253,39.404,false,206,true
36420,"Oklahoma City, OK",-97.52332029062535,35.454190156345504,1425695,5511.736,69.92500000000001,true,416,true
11620,"Ardmore, OK",-97.19745,34.189514,48003,822.204,11.577,false,,true
45140,"Tahlequah, OK",-94.99560699999999,35.902314,47078,749.127,26.896,false,,true
30020,"Lawton, OK",-98.41559645553002,34.61905875067113,126652,1701.9609999999998,23.801000000000002,true,334,true
46140,"Tulsa, OK",-95.91263944096663,36.105875937259874,1015331,6270.226000000001,189.953,true,538,true
48220,"Weatherford, OK",-98.89113492137416,35.48305412394452,39437,1991.868,18.883,false,555,true
21420,"Enid, OK",-97.885455,36.398481,62846,1058.507,1.574,true,,true
11060,"Altus, OK",-99.331416,34.657239,24785,802.653,1.589,false,,true
38620,"Ponca City, OK",-97.125201,36.744254,43700,919.597,25.32,false,,true
34780,"Muskogee, OK",-95.366561,35.71185,66339,810.624,29.39,false,538,true
33060,"Miami, OK",-94.834841,36.857439,30285,470.817,13.789,false,309,true
44660,"Stillwater, OK",-97.00704899999998,36.0913,81646,684.901,12.352,false,,true
32540,"McAlester, OK",-95.721263,34.956346,43773,1305.522,72.363,false,,true
10220,"Ada, OK",-96.67319,34.774213,38065,720.411,4.855,false,,true
43060,"Shawnee, OK",-96.952883,35.321377,72454,787.793,5.732,false,416,true
20340,"Duncan, OK",-97.94661900000001,34.518536,42848,870.209,21.171,false,334,true
25100,"Guymon, OK",-101.448408,36.712185,21384,2041.273,7.42,false,,true
12780,"Bartlesville, OK",-95.93743199999999,36.728457,52455,415.524,8.831,false,538,true
49260,"Woodward, OK",-99.383574,36.423748,20470,1242.786,3.743,false,,true
12520,"Baker City, OR",-117.76208700000001,44.780021,16668,3067.967,20.013,false,,true
18700,"Corvallis, OR",-123.275062,44.57312300000001,95184,675.182,2.989,true,440,true
38900,"Portland-Vancouver-Hillsboro, OR-WA",-122.67698776925202,45.513646973128616,2512859,6687.508,136.838,true,440,true
11820,"Astoria, OR",-123.84104099999999,46.098894,41072,828.13,255.466,false,,true
18300,"Coos Bay-North Bend, OR",-124.232445,43.305461,64929,1596.065,210.292,false,,true
13460,"Bend, OR",-121.24868505816896,44.159758472158806,247493,7778.2480000000005,54.798,true,,true
15060,"Brookings, OR",-124.327962,42.251867,23446,1628.382,360.857,false,152,true
40700,"Roseburg, OR",-123.38877099999999,43.239963,111201,5035.711,97.247,false,,true
26220,"Hood River, OR",-121.56566100000002,45.658959,23977,522.087,11.214,false,,true
32780,"Medford, OR",-122.858631,42.347769,223259,2783.252,18.06,true,366,true
24420,"Grants Pass, OR",-123.38517,42.404433,88090,1638.649,2.174,true,366,true
28900,"Klamath Falls, OR",-121.72680199999999,42.285893,69413,5949.977,187.243,false,,true
21660,"Eugene-Springfield, OR",-123.119235,44.03956300000001,382971,4554.091,168.364,true,,true
35440,"Newport, OR",-124.002001,44.713731,50395,980.982,213.572,false,,true
10540,"Albany, OR",-122.959471,44.556336,128610,2289.277,19.325,true,440,true
41420,"Salem, OR",-123.00681910457192,44.95222147339698,433353,1922.021,13.399,true,440,true
25840,"Hermiston-Pendleton, OR",-119.05336762449913,45.79302922839553,92261,5245.977,33.203,false,,true
29260,"La Grande, OR",-118.01820800000002,45.341591,26196,2036.941,1.906,false,,true
45520,"The Dalles, OR",-121.20406600000001,45.541482,26670,2381.136,13.793,false,,true
23900,"Gettysburg, PA",-77.157037,39.851137,103852,518.69,3.001,true,276,true
38300,"Pittsburgh, PA",-79.94112521439513,40.458870060883186,2457000,5640.3009999999995,64.908,true,430,true
39740,"Reading, PA",-75.90987800000002,40.362681,428849,856.403,9.351,true,428,true
11020,"Altoona, PA",-78.37658500000002,40.487156000000006,122822,525.276,1.272,true,107,true
42380,"Sayre, PA",-76.527899,41.833895,59967,1147.474,13.591,false,,true
27780,"Johnstown, PA",-78.800185,40.408084,133472,687.51,5.221,true,306,true
44300,"State College, PA",-77.836167,40.839811,158172,1108.708,4.316,true,524,true
20180,"DuBois, PA",-78.499291,40.991528,80562,1145.325,9.241,false,524,true
30820,"Lock Haven, PA",-77.448809,41.140123,37450,887.984,8.949,false,558,true
14100,"Bloomsburg-Berwick, PA",-76.389553,41.038653,64727,483.212,7.182,false,146,true
32740,"Meadville, PA",-80.09840600000001,41.666386,83938,1012.355,25.247,false,240,true
25420,"Harrisburg-Carlisle, PA",-76.95413421933546,40.26955668413858,591712,1621.799,42.205,true,276,true
41260,"St. Marys, PA",-78.619743,41.419129,30990,826.901,4.939,false,,true
21500,"Erie, PA",-80.07268,42.068563,270876,798.913,759.17,true,240,true
16540,"Chambersburg, PA",-77.65485200000002,39.883461,155932,772.299,0.598,true,548,true
26500,"Huntingdon, PA",-78.00292599999999,40.428603,44092,874.652,14.615,false,107,true
26860,"Indiana, PA",-79.13050000000001,40.617473,83246,827.404,6.984,false,430,true
42540,"Scranton--Wilkes-Barre, PA",-75.81803815015645,41.30470295875847,567559,1746.052,30.135,true,,true
29540,"Lancaster, PA",-76.29248,40.07391,552984,943.924,39.911,true,,true
30140,"Lebanon, PA",-76.443132,40.340342,143257,361.835,0.665,true,276,true
48700,"Williamsport, PA",-76.981292,41.24927,114188,1228.92,15.026,true,558,true
14620,"Bradford, PA",-78.58325,41.865244,40432,979.694,5.033,false,,true
25850,"Hermitage, PA",-80.336703,41.26385500000001,110652,672.52,10.043,false,430,true
30380,"Lewistown, PA",-77.61588200000001,40.60427,46143,411.045,3.671,false,,true
20700,"East Stroudsburg, PA",-75.305852,41.038639,168327,608.357,8.754,false,106,true
44980,"Sunbury, PA",-76.67554587886669,40.894746427643625,109783,587.905,21.654,false,146,true
25770,"Hemlock Farms, PA",-74.983463,41.302389,58535,544.895,21.923,false,408,true
39060,"Pottsville, PA",-76.195872,40.712667,143049,778.579,4.178,false,,true
42780,"Selinsgrove, PA",-76.980927,40.787382,39736,328.784,2.764,false,146,true
43740,"Somerset, PA",-79.01235299999999,40.029001,74129,1075.047,6.61,false,306,true
30260,"Lewisburg, PA",-76.95923799999998,40.970242,42681,315.952,1.785,false,146,true
36340,"Oil City, PA",-79.76535499999999,41.404235,50454,674.265,8.552,false,,true
47620,"Warren, PA",-79.233295,41.853111,38587,884.282,14.428,false,,true
49620,"York-Hanover, PA",-76.75372,39.941929,456438,904.366,6.372,true,276,true
24940,"Greenwood, SC",-82.2190201278348,34.214615452299086,93646,946.797,28.758,false,273,true
24860,"Greenville-Anderson-Greer, SC",-82.422907322173,34.75325215492326,928195,2709.597,77.42500000000001,true,273,true
25940,"Hilton Head Island-Bluffton-Port Royal, SC",-80.81560101997549,32.32987141849306,215908,1231.1970000000001,393.864,true,,true
16700,"Charleston-North Charleston, SC",-80.04180097818445,32.927279807616216,799636,2590.193,572.86,true,,true
17900,"Columbia, SC",-81.05930690129995,34.044602333177814,829470,3703.061,130.776,true,192,true
23500,"Gaffney, SC",-81.648305,35.080959,56216,392.964,4.514,false,273,true
22500,"Florence, SC",-79.83400826423606,34.17526905735032,199964,1361.0929999999998,9.434000000000001,true,,true
34680,"Murrells Inlet, SC",-79.25094699999998,33.457552,63404,813.612,221.221,false,396,true
34820,"Myrtle Beach-Conway-North Myrtle Beach, SC",-78.937681,33.780221,351029,1133.306,121.42,true,396,true
35140,"Newberry, SC",-81.573551,34.264651,37719,630.293,16.993,false,192,true
42860,"Seneca, SC",-83.002043,34.707527,78607,626.556,47.006,false,273,true
36700,"Orangeburg, SC",-80.798783,33.47176,84223,1106.375,21.509,false,192,true
43900,"Spartanburg, SC",-81.97852703247918,34.946193416748066,355241,1321.958,13.25,true,273,true
44940,"Sumter, SC",-80.389604,33.929496,105556,665.078,17.007,true,192,true
26700,"Huron, SD",-98.2277,44.367306,19149,1258.698,6.114,false,,true
15100,"Brookings, SD",-96.78588399999998,44.31091,34375,792.217,12.719,false,,true
10100,"Aberdeen, SD",-98.51739654024662,45.47328567547946,42287,2839.01,43.006,false,,true
46820,"Vermillion, SD",-96.936772,42.808955,14967,412.031,5.388,false,,true
47980,"Watertown, SD",-97.129856,44.91407,28325,687.585,29.579,false,,true
39660,"Rapid City, SD",-103.24214382704442,44.09041337784954,147392,7804.642,21.683999999999997,true,452,true
33580,"Mitchell, SD",-98.01369647802593,43.72669849966986,25747,1439.4569999999999,3.297,false,,true
38180,"Pierre, SD",-100.32581740868001,44.381308612677756,20745,2185.959,131.933,false,,true
43940,"Spearfish, SD",-103.80587599999998,44.453405,25768,800.053,0.258,false,452,true
49460,"Yankton, SD",-97.396931,42.90126,23310,521.189,11.072,false,,true
28940,"Knoxville, TN",-84.0569314681889,35.96468336981955,903300,3500.93,148.927,true,315,true
43180,"Shelbyville, TN",-86.465018,35.512233,50237,473.639,1.151,false,400,true
17420,"Cleveland, TN",-84.81916507107516,35.16155261865509,126164,763.367,10.373,true,174,true
34980,"Nashville-Davidson--Murfreesboro--Franklin, TN",-86.68572922041488,36.08820842303136,2014444,6301.93,76.238,true,400,true
27740,"Johnson City, TN",-82.36779045083257,36.30873512954145,207285,853.812,10.089,true,304,true
27180,"Jackson, TN",-88.84072283365825,35.721035813206356,180504,1711.183,2.789,true,,true
35460,"Newport, TN",-83.174047,35.947274,35999,436.135,6.924,false,315,true
46100,"Tullahoma-Manchester, TN",-86.14629336996954,35.4383861460606,64350,558.187,6.785,false,400,true
18900,"Crossville, TN",-85.017779,35.955637,61145,681.306,3.513,false,,true
20540,"Dyersburg, TN",-89.35836100000002,36.059417,36801,512.351,13.838,false,,true
49010,"Winchester, TN",-86.11615900000001,35.208173,42774,554.497,21.254,false,400,true
24620,"Greeneville, TN",-82.832594,36.17748,70152,622.169,1.969,false,304,true
34100,"Morristown, TN",-83.36895702968663,36.146393004480544,119182,436.26099999999997,53.859,true,315,true
28700,"Kingsport-Bristol, TN-VA",-82.41210768828688,36.56315697642175,307614,2010.3890000000001,37.094,true,304,true
37540,"Paris, TN",-88.29136900000002,36.319829,32199,561.902,31.499,false,,true
18260,"Cookeville, TN",-85.48278619088249,36.162773070415255,141333,1520.067,16.281,false,,true
29980,"Lawrenceburg, TN",-87.353601,35.237607,44159,617.13,0.857,false,400,true
22190,"Fayetteville, TN",-86.57174,35.105199,35319,570.342,0.375,false,290,true
11940,"Athens, TN",-84.64070959012275,35.44073870587879,66034,625.252,23.583000000000002,false,174,true
30280,"Lewisburg, TN",-86.770825,35.496732,34318,375.462,0.696,false,400,true
46460,"Union City, TN",-89.07991,36.397163,30787,544.847,10.598,false,542,true
42940,"Sevierville, TN",-83.58249,35.864247,98380,592.489,5.208,false,315,true
32660,"McMinnville, TN",-85.794787,35.695188,40953,432.673,1.361,false,,true
32280,"Martin, TN",-88.77381700000001,36.292493,32902,580.353,1.431,false,542,true
37300,"Palestine, TX",-95.68393399999998,31.775312,57922,1062.617,15.384,false,,true
11380,"Andrews, TX",-102.539607,32.321401,18610,1500.721,0.37,false,372,true
31260,"Lufkin, TX",-94.716132,31.313526,86395,797.865,66.912,false,,true
18580,"Corpus Christi, TX",-97.40360000229842,27.777748473590226,445763,1784.5700000000002,616.773,true,204,true
48660,"Wichita Falls, TX",-98.53443276040345,33.90228767598293,148128,2619.642,55.567,true,,true
11100,"Amarillo, TX",-101.85646078919319,35.17127293175803,268691,5150.982000000001,32.796,true,108,true
41700,"San Antonio-New Braunfels, TX",-98.4935090022807,29.501255765095227,2558143,7313.183999999999,57.67700000000001,true,484,true
26420,"Houston-Pasadena-The Woodlands, TX",-95.43195597531576,29.79561213901045,7149642,8837.94,1233.8039999999999,true,288,true
12420,"Austin-Round Rock-San Marcos, TX",-97.74091151366687,30.331563453239095,2283371,4219.505,58.226,true,,true
13300,"Beeville, TX",-97.733787,28.395559,31047,880.239,0.095,false,,true
28660,"Killeen-Temple, TX",-97.65744734202349,31.109188583742668,475367,2818.607,42.073,true,,true
47380,"Waco, TX",-97.18623792181934,31.543831810336666,295782,2785.1310000000003,51.526,true,,true
17780,"College Station-Bryan, TX",-96.36291594966842,30.6357443784483,268248,2100.375,33.431,true,,true
10860,"Alice, TX",-98.0754967788385,27.671441346531207,45967,1808.531,3.654,false,204,true
15220,"Brownwood, TX",-98.98926799999998,31.731619,38095,944.452,12.5,false,,true
38920,"Port Lavaca, TX",-96.625881,28.589156999999997,20106,506.937,525.729,false,544,true
10180,"Abilene, TX",-99.74691705100761,32.444808391966205,176579,2743.513,14.190999999999999,true,101,true
15180,"Brownsville-Harlingen, TX",-97.56119600000001,26.047417999999997,421017,891.71,384.719,true,154,true
34420,"Mount Pleasant, TX",-94.91826774753986,33.11221442507722,55684,853.9000000000001,33.677,false,,true
27380,"Jacksonville, TX",-95.21620199999998,31.913487999999997,50412,1052.955,9.217,false,540,true
31180,"Lubbock, TX",-101.90975768291179,33.5455107631495,351268,5264.558,11.251,true,352,true
19100,"Dallas-Fort Worth-Arlington, TX",-96.94560025856126,32.862838543676,7637387,8675.151,332.045,true,206,true
23620,"Gainesville, TX",-97.13378999999999,33.607384,41668,874.826,23.676,false,206,true
25820,"Hereford, TX",-102.402802,34.835619,18583,1496.822,1.516,false,,true
36220,"Odessa, TX",-102.389586,31.866684,165171,897.858,3.96,true,372,true
21340,"El Paso, TX",-106.36251434157099,31.781496565262028,868859,5583.759,2.9010000000000002,true,238,true
44500,"Stephenville, TX",-98.225168,32.21206,42545,1083.179,6.628,false,,true
14300,"Bonham, TX",-96.181312,33.556926,35662,890.835,8.049,false,206,true
38380,"Plainview, TX",-101.68994095652445,34.12874525925535,37924,1996.8229999999999,0.475,false,352,true
23240,"Fredericksburg, TX",-98.908076,30.273640999999998,26725,1058.202,3.475,false,484,true
47020,"Victoria, TX",-97.0180329688582,28.816856407145252,98331,1734.117,14.083,true,544,true
37420,"Pampa, TX",-100.93074700378467,35.53738465180919,22054,1850.0320000000002,3.493,false,,true
43300,"Sherman-Denison, TX",-96.626605,33.644861,135543,932.836,46.361,true,206,true
30980,"Longview, TX",-94.72357537886204,32.48073175547899,286184,2680.618,42.066,true,,true
13140,"Beaumont-Port Arthur, TX",-94.05134637267852,30.07538307668935,397565,2101.136,288.59799999999996,true,,true
11980,"Athens, TX",-95.889359,32.241331,82150,873.781,74.654,false,206,true
32580,"McAllen-Edinburg-Mission, TX",-98.184508,26.235916,870781,1570.957,11.869,true,365,true
24180,"Granbury, TX",-97.76225999999998,32.434349,61598,420.69,16.13,false,206,true
44860,"Sulphur Springs, TX",-95.589265,33.124495,36787,767.431,25.341,false,206,true
13700,"Big Spring, TX",-101.463071,32.241408,34860,900.791,3.414,false,,true
14420,"Borger, TX",-101.44711999999998,35.679194,20617,887.42,7.532,false,108,true
41660,"San Angelo, TX",-100.46583045539721,31.448772168718524,121516,2573.545,18.631,true,,true
28500,"Kerrville, TX",-99.159357,30.040273,52598,1103.332,3.951,false,484,true
28780,"Kingsville, TX",-97.856967,27.491433,31040,881.306,208.897,false,204,true
37580,"Paris, TX",-95.44835502379178,33.65979110816376,61675,1951.2269999999999,38.611999999999995,false,,true
33260,"Midland, TX",-102.09822479310948,32.008250314016664,175220,1815.3139999999999,2.388,true,372,true
13060,"Bay City, TX",-95.998903,28.918149,36255,1092.918,519.594,false,288,true
20580,"Eagle Pass, TX",-100.478172,28.706412,57887,1279.473,12.306,true,,true
20300,"Dumas, TX",-101.95650199999999,35.902872,21358,899.698,9.923,false,,true
34860,"Nacogdoches, TX",-94.644584,31.625667,64653,946.324,34.645,false,,true
18620,"Corsicana, TX",-96.485996,32.081317,52624,1009.702,76.3,false,206,true
45020,"Sweetwater, TX",-100.411741,32.451081,14738,911.997,1.951,false,101,true
33420,"Mineral Wells, TX",-98.163963,32.779308,28409,952.549,32.959,false,206,true
45880,"Town of Pecos, TX",-103.52632200000001,31.387128,14748,2635.354,6.717,false,,true
43660,"Snyder, TX",-100.909103,32.704112,16932,905.445,2.099,false,,true
46340,"Tyler, TX",-95.30098099999998,32.326145,233479,921.473,28.249,true,540,true
40100,"Rio Grande City-Roma, TX",-98.84341500000001,26.387766,65920,1223.179,5.925,false,365,true
46620,"Uvalde, TX",-99.757846,29.243318000000002,24564,1551.921,6.713,false,,true
19620,"Del Rio, TX",-100.898072,29.380944,47586,3144.75,87.92,false,,true
26660,"Huntsville, TX",-95.538696,30.725831999999997,76400,784.222,17.276,false,288,true
14780,"Brenham, TX",-96.397834,30.181502,35805,604.194,17.557,false,288,true
29700,"Laredo, TX",-99.475549,27.522979,267114,3361.478,14.114,true,,true
20900,"El Campo, TX",-96.175435,29.276712,41570,1086.142,8.228,false,288,true
46900,"Vernon, TX",-99.296953,34.144872,12887,970.946,7.028,false,,true
39700,"Raymondville, TX",-97.777449,26.452375999999997,20164,590.602,194.165,false,154,true
49820,"Zapata, TX",-99.266007,26.903441,13889,998.412,59.603,false,,true
39220,"Price, UT",-110.777569,39.602446,20412,1479.184,6.118,false,,true
36260,"Ogden, UT",-111.96939848336696,41.10663041430359,637197,1484.508,421.42800000000005,true,482,true
16260,"Cedar City, UT",-113.076161,37.70887400000001,57289,3296.337,4.398,false,,true
39340,"Provo-Orem-Lehi, UT",-111.7522172384808,40.26899391010973,671185,5395.759,154.252,true,482,true
21740,"Evanston, WY-UT",-110.81743072027528,41.32670800696864,22960,3110.568,63.989,false,,true
41620,"Salt Lake City-Murray, UT",-111.95286849580403,40.63445258722065,1257936,7684.016,407.712,true,482,true
25720,"Heber, UT",-111.44440779427102,40.62970946015944,77145,3047.593,40.829,false,482,true
46860,"Vernal, UT",-109.59027000000002,40.426449,35620,4482.383,21.666,false,,true
41100,"St. George, UT",-113.524041,37.13018,180279,2427.439,3.005,true,,true
13540,"Bennington, VT",-73.148622,42.980347,37347,674.807,2.661,false,,true
15540,"Burlington-South Burlington, VT",-73.12107319300092,44.56934082398631,225562,1249.728,253.529,true,162,true
40860,"Rutland, VT",-73.041302,43.602602,60572,929.723,14.96,false,,true
12740,"Barre, VT",-72.587175,44.24330900000001,59807,686.578,8.174,false,162,true
14710,"Brattleboro, VT",-72.627862,42.952898,45905,785.466,12.71,false,313,true
16820,"Charlottesville, VA",-78.50083173011852,38.030618888969144,221524,1644.5259999999998,13.777,true,,true
40060,"Richmond, VA",-77.48826272950602,37.49640399328685,1314434,4364.365000000001,127.74300000000002,true,,true
31340,"Lynchburg, VA",-79.24339893716628,37.35588915427019,261593,2120.473,26.442,true,,true
44420,"Staunton-Stuarts Draft, VA",-79.01702512215226,38.123664124225684,125433,1001.9639999999999,3.88,true,277,true
40220,"Roanoke, VA",-79.9512962595113,37.253197347992554,315251,1867.568,27.883000000000003,true,,true
13980,"Blacksburg-Christiansburg-Radford, VA",-80.50239918400513,37.15506223083353,181854,1454.5089999999998,17.544999999999998,true,,true
49020,"Winchester, VA-WV",-78.25309469475908,39.19439461714762,142632,1062.73,6.494,true,548,true
32300,"Martinsville, VA",-79.89425911884798,36.68857345940744,64433,393.307,2.087,false,,true
29470,"Lake of the Woods, VA",-77.95473700000001,38.271901,36254,341.078,2.505,false,548,true
19260,"Danville, VA",-79.41036968087106,36.6961377402489,103091,1011.8000000000001,10.133,false,,true
25500,"Harrisonburg, VA",-78.8496650107028,38.447871443169994,135571,867.1279999999999,4.162,true,277,true
14140,"Bluefield, WV-VA",-81.3106863261082,37.269419205948466,100093,937.753,2.843,false,,true
36830,"Othello, WA",-119.03149200000001,46.864934,20613,1924.989,4.813,false,393,true
28420,"Kennewick-Richland, WA",-119.22848314735498,46.25331406465934,303622,2941.724,82.936,true,314,true
48300,"Wenatchee-East Wenatchee, WA",-120.28631004248646,47.52106566645903,122012,4740.422,102.785,true,,true
38820,"Port Angeles, WA",-123.436581,48.094969,77155,1738.741,930.276,false,,true
31020,"Longview-Kelso, WA",-122.894833,46.135463,110730,1141.159,25.272,true,440,true
34180,"Moses Lake, WA",-119.466088,47.14473,99123,2679.55,111.897,false,393,true
10140,"Aberdeen, WA",-123.76751700000001,46.991256,75636,1901.474,322.129,false,,true
36020,"Oak Harbor, WA",-122.57695099999998,48.2063,86857,208.474,308.851,false,500,true
39040,"Port Townsend, WA",-122.820477,48.010517,32977,1803.728,384.169,false,,true
42660,"Seattle-Tacoma-Bellevue, WA",-122.26276279549096,47.542732423457274,4018762,5869.717000000001,438.948,true,500,true
14740,"Bremerton-Silverdale-Port Orchard, WA",-122.63286999999998,47.612218,275611,395.102,170.729,true,500,true
21260,"Ellensburg, WA",-120.630456,47.051833,44337,2297.28,35.709,false,,true
16500,"Centralia, WA",-122.83923100000001,46.61892,82149,2402.782,33.564,false,500,true
43220,"Shelton, WA",-123.034441,47.288559,65726,959.548,91.495,false,500,true
34580,"Mount Vernon-Anacortes, WA",-122.33533999999999,48.4668,129523,1730.246,186.789,true,500,true
44060,"Spokane-Spokane Valley, WA",-117.4037728595994,47.72758457749443,585784,4241.318,79.678,true,518,true
36500,"Olympia-Lacey-Tumwater, WA",-122.83657600000001,47.00087,294793,722.496,51.594,true,500,true
47460,"Walla Walla, WA",-118.39118099999999,46.077907,62584,1270.033,28.932,true,314,true
13380,"Bellingham, WA",-122.487638,48.82321,226847,2107.918,396.956,true,,true
39420,"Pullman, WA",-117.21808000000001,46.793601,47973,2159.262,18.628,false,446,true
49420,"Yakima, WA",-120.42158999999998,46.519342,256728,4294.512,15.903,true,,true
16620,"Charleston, WV",-81.64723799280408,38.335690260777284,210605,1745.121,12.812000000000001,true,170,true
17220,"Clarksburg, WV",-80.32165000663821,39.297006177765,90434,908.502,4.17,false,242,true
13220,"Beckley, WV",-81.17511118088939,37.86271679222099,115079,1266.9720000000002,10.723,true,,true
21900,"Fairmont, WV",-80.178811,39.484338,56205,308.753,2.765,false,242,true
34060,"Morgantown, WV",-79.88660103587078,39.60451513413501,140038,1008.906,8.363,true,,true
21180,"Elkins, WV",-79.87245200000001,38.870878,27932,1039.7,0.258,false,,true
37620,"Parkersburg-Vienna, WV",-81.52266446537863,39.25463235060901,89490,599.011,12.521999999999998,true,425,true
39960,"Rice Lake, WI",-91.815142,45.43700199999999,46711,863.047,26.716,false,,true
24580,"Green Bay, WI",-88.01965589762186,44.54634302274056,328268,1870.027,978.8409999999999,true,267,true
11540,"Appleton, WI",-88.371448819167,44.27500931635595,243147,955.807,85.878,true,118,true
20740,"Eau Claire, WI",-91.40605740092907,44.865259316748734,172007,1646.277,40.186,true,232,true
31540,"Madison, WI",-89.4281968007598,43.08352172760416,680796,3308.781,77.311,true,357,true
13180,"Beaver Dam, WI",-88.71306199999998,43.435904,89396,875.699,31.402,false,376,true
32860,"Menomonie, WI",-91.892915,44.914658,45440,850.159,13.735,false,232,true
22540,"Fond du Lac, WI",-88.487004,43.765547,104154,719.566,46.276,true,,true
38420,"Platteville, WI",-90.612643,42.827213,51938,1146.879,36.495,false,,true
48020,"Watertown-Fort Atkinson, WI",-88.785594,43.040342,84900,556.492,26.249,false,376,true
28450,"Kenosha, WI",-87.924047,42.572393,169151,271.837,482.188,true,176,true
31820,"Manitowoc, WI",-87.724344,44.10361,81359,589.306,904.77,false,,true
48140,"Wausau, WI",-89.707823,44.907455,138013,1545.195,31.14,true,554,true
43020,"Shawano, WI",-88.67673894024401,44.798760271579226,45136,1250.8400000000001,23.516,false,267,true
33340,"Milwaukee-Waukesha, WI",-88.05273960317278,43.076573733893596,1574731,1454.864,1867.0439999999999,true,376,true
43890,"Sparta, WI",-90.644211,43.942578,46274,900.904,7.176,false,317,true
44620,"Stevens Point-Plover, WI",-89.526076,44.498026,70377,800.874,21.944,false,554,true
39540,"Racine-Mount Pleasant, WI",-87.92804600000001,42.735037,197727,332.642,459.501,true,376,true
27500,"Janesville-Beloit, WI",-89.037935,42.65481,163687,718.167,7.991,true,357,true
12660,"Baraboo, WI",-89.868041,43.449264,65763,831.543,17.642,false,357,true
43100,"Sheboygan, WI",-87.81907600000001,43.733622,118034,511.528,759.713,true,,true
48580,"Whitewater-Elkhorn, WI",-88.540338,42.662934,106478,555.388,21.208,false,376,true
36780,"Oshkosh-Neenah, WI",-88.540906,44.101514,171730,434.697,143.874,true,118,true
49220,"Wisconsin Rapids-Marshfield, WI",-89.96254599999999,44.478457,74207,793.038,16.214,false,554,true
29660,"Laramie, WY",-105.59607300000002,41.313442,37066,4274.327,34.425,false,,true
23940,"Gillette, WY",-105.495519,44.257046,47026,4802.065,4.251,false,,true
40180,"Riverton, WY",-108.60946900000002,43.010698,39234,9183.59,82.15,false,,true
16940,"Cheyenne, WY",-104.771336,41.153937,100512,2685.864,1.679,true,,true
16220,"Casper, WY",-106.335315,42.842184,79955,5340.538,35.123,true,,true
17650,"Cody, WY",-108.97254000000001,44.61400799999999,29624,6939.039,26.115,false,,true
43260,"Sheridan, WY",-106.977846,44.780986,30921,2523.361,3.084,false,,true
40540,"Rock Springs, WY",-109.30252100000001,41.580564,42272,10426.98,64.182,false,,true
