ZCTA3,LAT,LON,POP,ALAND,AWATER,ISCUS
10,42.2125312208976,-72.57315772581423,472839,1276.1299999999999,38.492000000000004,true
11,42.106353169527246,-72.5504450294265,171760,40.946,1.7160000000000002,true
12,42.45620431273305,-73.22862252605069,128186,902.0539999999999,16.827000000000005,true
13,42.588960974466644,-72.48821472412067,82872,786.4280000000001,27.535,true
14,42.580051690321746,-71.78238481505123,224307,474.26800000000003,14.954,true
15,42.21579235296892,-71.79738245715627,398528,796.7010000000001,34.589,true
16,42.26792048095287,-71.81000229202773,214258,56.688,2.064,true
17,42.32804608807671,-71.45393249394333,412856,377.368,14.443999999999999,true
18,42.63585385489237,-71.20405743472546,779194,393.493,16.015000000000004,true
19,42.5725356064654,-70.9079510759053,510471,343.0310000000001,54.709,true
20,42.14761971112981,-71.15066747376531,427635,386.26699999999994,25.638,true
21,42.34018477258765,-71.06823388437117,1414778,152.94299999999998,15.389000000000001,true
22,42.34770666772539,-71.09175115319097,32744,1.874,0.635,true
23,42.02951526184863,-70.9087436819993,475561,514.1839999999999,49.85600000000001,true
24,42.360562263409804,-71.2032370860895,438951,107.496,3.7489999999999997,true
25,41.60304024228218,-70.53963981351679,127562,307.062,125.76899999999996,true
26,41.704394876400194,-70.22834527776787,159709,265.789,59.48499999999999,true
27,41.77467234989895,-71.09977170737237,557621,583.5949999999999,51.499,true
28,41.71670750175055,-71.46191214978535,698642,924.9100000000002,119.12200000000003,true
29,41.81629327796584,-71.43760137257526,398808,108.72200000000001,9.134,true
30,42.84035547204647,-71.43750212406485,401291,901.5619999999998,18.279999999999998,true
31,42.989452597587544,-71.46417952969091,158345,103.39,3.2190000000000003,true
32,43.43822859151441,-71.59574475532204,196592,2304.8259999999996,111.761,true
33,43.25232299946623,-71.57244232016815,63697,192.155,5.423,true
34,42.899211566171395,-72.20879973125875,83722,763.9709999999999,23.438000000000002,true
35,44.47051638200175,-71.46700350917334,44471,2444.9970000000003,62.447,true
36,43.18139024374667,-72.3575582983325,13153,204.451,4.882,true
37,43.604125145307734,-72.17714755488106,78640,840.198,23.262999999999998,true
38,43.19683724382899,-70.9868540758087,337708,1524.8570000000004,97.03600000000003,true
39,43.20081001558629,-70.73688757000426,52482,204.039,27.409,true
40,43.68032395928088,-70.46275717093953,363613,1928.9289999999999,274.44100000000003,true
41,43.665991466397095,-70.27688217593986,118710,79.33699999999999,32.333,true
42,44.19791533303604,-70.28298963369647,179398,2125.3109999999997,78.19300000000001,true
43,44.29353325219136,-69.77093294257139,83738,727.1519999999999,55.185,true
44,44.96954748512852,-68.81138788135992,174327,6616.170000000002,523.499,true
45,43.963826266068004,-69.62142657819778,49555,483.5020000000001,135.54200000000003,true
46,44.62048214161003,-68.01494742824319,73427,2686.910000000001,967.094,true
47,46.70319537998961,-68.12812339386697,67315,4544.911,145.70600000000002,true
48,44.164397022555654,-69.13519421312186,40788,357.097,172.14700000000002,true
49,44.68730446876573,-69.60266330869851,158864,5037.996000000002,268.25499999999994,true
50,43.80227781742832,-72.41876017926016,62737,1244.4890000000003,9.902000000000003,true
51,43.27733146209705,-72.57372887730989,29470,493.64099999999996,4.313999999999999,true
52,42.96853645219856,-73.13049028100794,33158,449.866,1.602,true
53,42.905905615797614,-72.70421712736413,39487,779.1590000000001,12.038999999999998,true
54,44.54127257611513,-73.12221786922562,248157,1671.5419999999997,283.55800000000005,true
56,44.31532257466157,-72.59810844879134,86872,1168.7120000000002,12.889000000000001,true
57,43.69308781698501,-73.05248362079179,82037,1499.9160000000002,27.37100000000001,true
58,44.66909154835919,-72.12446565235248,57807,1506.0669999999996,39.20699999999999,true
59,44.689094341288786,-71.67128031926424,3352,403.86,7.053,true
60,41.80474777434382,-72.70541920025012,678776,1162.3079999999998,27.330000000000002,true
61,41.74929755861381,-72.69119421327997,294103,82.60700000000001,2.6719999999999997,true
62,41.79652015148476,-72.12826943759175,163528,664.6549999999999,11.828,true
63,41.45471976828611,-72.05844794341735,263260,628.6709999999999,48.955999999999996,true
64,41.4243728960712,-72.84438627680127,713652,1014.8250000000002,49.496,true
65,41.3222216816224,-72.92731244676874,292753,113.428,6.3950000000000005,true
66,41.20619553899308,-73.18847325674741,245441,84.207,7.286999999999999,true
67,41.61181629655167,-73.11512733062985,333264,691.0240000000003,16.082,true
68,41.21862481965803,-73.43949918135894,486315,368.383,33.31200000000001,true
69,41.075514850991325,-73.54329215398567,135274,36.312,3.1369999999999996,true
70,40.755332680043885,-74.19706480837104,1823422,349.2060000000001,20.682000000000002,true
71,40.746648859681216,-74.18665765356747,441288,33.741,1.86,true
72,40.6645548359964,-74.21686273567386,196453,18.945,1.348,true
73,40.721416077639454,-74.06140669174339,292390,14.745000000000001,6.285,true
74,41.0147211082755,-74.25700613233336,466135,474.15299999999996,21.695999999999998,true
75,40.92312914289047,-74.16855738206058,214339,20.721000000000004,0.47,true
76,40.91970908455829,-74.02074107070169,513421,114.43599999999999,8.862,true
77,40.301040823324584,-74.14822259242902,614013,379.1000000000001,18.529000000000003,true
78,40.914264893110335,-74.70795745607593,363225,841.8420000000001,28.557000000000006,true
79,40.74823411615037,-74.47968130574884,268514,245.66799999999998,3.137,true
80,39.83592226871863,-74.94457980006177,1206258,1542.0970000000002,113.21500000000003,true
81,39.93529428214625,-75.08264836803761,154707,26.126,3.3680000000000003,true
82,39.300947964981724,-74.64453981198545,253639,546.321,83.045,true
83,39.46566310625201,-75.03949458426132,239299,855.5160000000001,28.408000000000005,true
84,39.36528225916046,-74.46331715030071,53982,16.171000000000003,11.865,true
85,40.25566924201074,-74.59574001927457,327440,601.1170000000002,9.525999999999998,true
86,40.22002659165312,-74.71796722679733,282309,122.43,2.415,true
87,40.01411979586403,-74.18540487990187,505129,336.15199999999993,47.61000000000001,true
88,40.512766535993364,-74.52237618854033,958385,753.0999999999999,17.524000000000008,true
89,40.46998507101861,-74.45896791233724,114646,21.258000000000003,0.861,true
100,40.77625294481096,-73.96797508092533,1603996,21.354000000000006,0.223,true
101,40.78099010418704,-73.95040546227246,66467,0.6240000000000001,0.0,true
102,40.71234102479777,-74.01584372394176,15082,0.197,0.0,true
103,40.5872712653773,-74.14332318014463,495747,55.63099999999999,0.79,true
104,40.84997951675107,-73.88207244851822,1477398,41.223,0.268,true
105,41.14140155997712,-73.77765021273513,674924,575.42,30.285,true
106,41.03565280919424,-73.76744500367928,85249,19.762999999999998,1.3179999999999996,true
107,40.943830866472005,-73.86536453971573,244533,23.859,0.538,true
108,40.91316934040477,-73.782862299669,89138,11.626,2.609,true
109,41.230433048405914,-74.14185886022767,587325,668.2870000000003,15.715999999999998,true
110,40.74920534738984,-73.7025777129223,258931,42.695,3.3659999999999997,true
111,40.76080118576499,-73.92507832756664,239227,6.954000000000001,0.10700000000000001,true
112,40.65063435679065,-73.95427042903161,2735593,68.135,1.797,true
113,40.74433563383572,-73.84822550740884,1232668,47.72500000000001,0.42099999999999993,true
114,40.69331301814724,-73.79350865510793,791140,41.73300000000001,0.529,true
115,40.69562769852332,-73.62858539276189,755614,133.12800000000001,6.452999999999999,true
116,40.59370697595117,-73.79186170823012,124164,8.482,0.198,true
117,40.78734807367197,-73.26625186249105,1577357,543.6389999999999,80.135,true
118,40.76964958785156,-73.49999949926301,76800,15.656,0.028,true
119,40.89560608191905,-72.63539417591636,275052,442.567,135.02499999999995,true
120,42.80995857760436,-73.93837272464341,338164,1905.4990000000005,36.183,true
121,42.72109563797014,-73.77803848910148,283054,2208.0850000000005,52.30699999999999,true
122,42.67848001549976,-73.79982992677567,155680,51.90699999999999,0.975,true
123,42.803695988718005,-73.94080166698274,167169,131.586,2.997,true
124,42.02880781304476,-74.1150099876153,152475,1489.4800000000002,19.291000000000004,true
125,41.66662621681568,-73.9260217398323,450318,1575.388,30.831000000000007,true
126,41.692260274032705,-73.88842979032997,87745,50.32899999999999,0.46299999999999997,true
127,41.64535856180921,-74.68218485159464,99977,1310.7479999999998,33.39,true
128,43.29259137870532,-73.66715431618674,228827,3503.169,161.67300000000003,true
129,44.61734974869437,-73.81840470032313,155480,4008.038000000001,117.33500000000001,true
130,43.03149010341399,-76.21710695605911,385180,1877.835,32.111999999999995,true
131,43.13962781472879,-76.36244549358739,174366,1447.9099999999999,35.88200000000001,true
132,43.05094946168597,-76.1517664757295,233100,100.38900000000001,3.107,true
133,43.13806301206063,-75.20239392811028,137555,3234.8729999999996,67.93700000000001,true
134,43.099920766276384,-75.34369600090923,177389,2054.09,42.339,true
135,43.10851177048414,-75.19356216105577,74875,60.268,0.479,true
136,44.31669786321509,-75.52634180539836,233169,3734.040000000001,184.35699999999997,true
137,42.181610752587424,-75.82882043372565,132661,1544.2780000000005,19.614,true
138,42.30462838463448,-75.632593962552,132921,1689.72,19.815000000000005,true
139,42.134255869267164,-75.90331263902745,82856,115.158,1.6829999999999998,true
140,42.87027622816979,-78.7154311951286,446606,1871.025,21.663000000000004,true
141,42.9543997142299,-78.77503042031456,197078,851.8670000000002,16.021,true
142,42.9211841431122,-78.81299716530549,592039,153.767,3.100999999999999,true
143,43.10602414274336,-78.99334535726895,64031,34.171,1.82,true
144,43.010888356689264,-77.58568653441725,305190,1641.8629999999998,16.441000000000003,true
145,43.04117642180451,-77.45055723844915,328446,1711.618,19.346,true
146,43.17298617440788,-77.62938184530857,481148,160.74699999999999,6.210000000000001,true
147,42.15985522604371,-78.92896878962884,171166,2378.9329999999995,29.921,true
148,42.30609191329585,-76.96800996280447,279606,3107.0660000000003,23.453,true
149,42.08197372170561,-76.80366587039477,45919,65.007,1.965,true
150,40.51224966463715,-80.06720075842827,455283,903.058,16.243,true
151,40.43539995430519,-79.971753839253,368554,255.28900000000002,4.447,true
152,40.441719542898014,-79.97242448364163,696291,207.553,5.5710000000000015,true
153,40.13888148782565,-80.17602890928865,186704,1198.0550000000003,3.519,true
154,39.94684192435001,-79.73027228538085,135466,879.0230000000001,11.278,true
155,39.97762871737458,-78.84623010654217,85792,1575.6329999999996,5.452000000000002,true
156,40.342201949158415,-79.55686442252659,302882,959.0179999999996,6.326,true
157,40.680990486130455,-79.06413911068674,106204,1128.9920000000009,8.407999999999998,true
158,41.26148004531657,-78.74208495155501,87959,1827.2489999999996,11.76,true
159,40.34135871322867,-78.853251273456,135418,768.4189999999999,6.5889999999999995,true
160,40.83552138173943,-79.96445376525921,204320,932.423,9.990999999999998,true
161,41.13555267311649,-80.32931723818692,211375,1149.3999999999996,20.39,true
162,40.975997324897186,-79.42444999335399,83648,1203.4370000000001,15.025999999999998,true
163,41.591769075788335,-79.7084885776933,139916,2038.8439999999996,24.296000000000003,true
164,41.927232707645025,-80.05664355805035,124944,1418.2399999999996,27.587,true
165,42.10254931106238,-80.065313375805,180594,117.622,15.111999999999998,true
166,40.50390709528227,-78.33816652158522,199397,1743.4550000000004,20.088999999999995,true
167,41.83028478879071,-78.56567804404017,45159,1477.467,11.172000000000002,true
168,40.87864892420538,-77.93601030904206,200001,1840.7009999999998,10.585,true
169,41.81701110524318,-77.26320275535795,63263,1999.387,4.683999999999999,true
170,40.31272464050415,-76.90476171686844,652422,2600.2970000000005,42.11800000000001,true
171,40.298046501848155,-76.82570666128099,180991,120.65199999999999,9.089,true
172,39.93868824901187,-77.66727613839319,211259,1606.8030000000003,2.568999999999999,true
173,39.88734834041012,-76.87802345345935,349217,1225.529,8.232,true
174,39.96178178315453,-76.71847424773063,184002,139.49,0.935,true
175,40.086825972860865,-76.26247297587729,344963,798.143,38.36899999999998,true
176,40.03985367367567,-76.2998573030769,176297,88.11,1.049,true
177,41.27843470394725,-77.02189069311851,165305,2379.1590000000006,25.678,true
178,40.9140356017293,-76.7438600679553,231192,1651.9139999999995,27.180000000000003,true
179,40.687833830400784,-76.25957460918306,120714,687.397,3.3729999999999993,true
180,40.647444770221654,-75.4131165297832,562664,808.4520000000002,10.580000000000002,true
181,40.59967185841624,-75.49824594053852,178714,59.619,0.747,true
182,40.916942410701566,-75.89057817286304,144577,592.0099999999999,7.651,true
183,41.07676080806681,-75.19436118316686,178187,759.334,15.600000000000003,true
184,41.47838170631683,-75.46702290871453,198343,1646.866,47.946,true
185,41.4135751208038,-75.66310608769389,119334,62.611999999999995,0.39999999999999997,true
186,41.28159662761003,-75.97646460484626,170257,1368.161,23.591999999999995,true
187,41.236652486954746,-75.85635652547107,136908,187.72699999999998,3.649,true
188,41.850134470910696,-76.19203172827429,72604,1392.6970000000001,18.281,true
189,40.30901839757646,-75.14281910222923,381426,485.34799999999996,7.801999999999999,true
190,40.03296379615734,-75.18781018013969,1163515,387.76,15.207000000000004,true
191,40.00299658249546,-75.13990509448296,1604167,138.16,9.625999999999998,true
193,39.95020167847408,-75.69927833123776,459372,648.9359999999998,6.517,true
194,40.18106200076382,-75.41688300331343,552487,365.415,4.786,true
195,40.38242680526815,-75.854443090783,223949,798.3939999999996,8.579,true
196,40.34093848392334,-75.93721625493474,226664,101.47200000000001,1.2500000000000002,true
197,39.62717850866695,-75.6767793489597,346604,317.59800000000007,16.876,true
198,39.75855477215898,-75.57524370054607,219956,81.50900000000001,3.1959999999999997,true
199,38.868069979245234,-75.43336833061093,423710,1553.9930000000002,74.313,true
200,38.90989866994449,-77.01559573152643,688669,59.24900000000001,6.981,true
201,38.91595753091986,-77.51024517187997,1014526,1374.118,14.688,true
202,NaN,NaN,0,0.19299999999999998,0.0,true
203,38.868870914507774,-77.00711844149444,772,1.029,0.24,true
204,38.91970001666667,-77.01306762411761,60,0.16400000000000003,0.0,true
205,38.90426304545454,-77.02714314259336,44,0.49300000000000005,0.002,true
206,38.48180223104042,-76.76358428093431,374705,1093.01,166.89299999999994,true
207,38.92354954417634,-76.8611889059792,1076085,580.512,17.918999999999997,true
208,39.105344745641275,-77.17699843735156,740010,442.375,13.973000000000004,true
209,39.04693593593034,-77.01866924732111,332638,61.845,0.28500000000000003,true
210,39.32130241512588,-76.5971877805874,800998,748.4950000000001,31.077999999999996,true
211,39.31530786695415,-76.70726770576314,488155,699.2209999999999,26.86,true
212,39.32088021894447,-76.60012319540634,1197806,274.08000000000004,33.458000000000006,true
214,38.97933203806989,-76.50621898102658,92803,46.098000000000006,13.427,true
215,39.593186660860624,-78.96604928983938,96279,1030.3410000000001,13.516,true
216,38.874060221173515,-76.04316970014658,170685,1666.3999999999992,272.27500000000003,true
217,39.48838097811606,-77.43557411406421,520930,1430.45,19.645000000000003,true
218,38.3008226136029,-75.52052558931423,182064,1224.954,116.58600000000001,true
219,39.6112763885044,-75.9428679674505,103744,346.38,30.253000000000004,true
220,38.813479593748234,-77.25992131221125,512943,190.93200000000002,11.876999999999999,true
221,38.75458148795543,-77.2751066499831,492670,208.10299999999998,8.796000000000001,true
222,38.87534173800223,-77.09944126755836,239357,26.048,0.106,true
223,38.788944348522776,-77.102336816877,350792,56.242999999999995,2.852,true
224,38.251609255453104,-77.36409155256953,244906,1052.6939999999997,66.557,true
225,38.250959536159094,-77.401440288253,211648,1401.3830000000003,130.202,true
226,39.08029890367839,-78.22621016164392,203703,1193.0900000000001,10.112,true
227,38.47137853810263,-77.98534141938437,87015,1004.5770000000001,5.794999999999999,true
228,38.51178240844932,-78.80390874288426,173505,1490.1970000000003,8.663000000000002,true
229,38.05177028635424,-78.55156015357036,276577,1808.719,12.376,true
230,37.639004825017714,-77.38591144544962,244219,2274.688,186.28899999999996,true
231,37.49496663455771,-77.2980950635213,409761,1672.8140000000005,131.16799999999998,true
232,37.540491638453325,-77.48851210776081,586082,309.024,12.653,true
233,36.81040842104857,-76.25746876158455,284751,658.8290000000001,122.648,true
234,36.85140307339797,-76.18046367978721,600003,1137.172,191.524,true
235,36.89590516830335,-76.26372994159753,237981,53.274,12.976,true
236,37.08266149948763,-76.44144988474304,392298,197.429,103.82000000000001,true
237,36.840211200631764,-76.34887591916032,97821,33.275999999999996,13.381,true
238,37.16506565053707,-77.41268383959128,359546,3412.4870000000005,76.067,true
239,37.04999581136245,-78.359897526463,101369,2541.6139999999996,61.62400000000002,true
240,37.19462858196196,-80.10264997442067,364718,1986.0650000000003,16.019,true
241,37.08235627215408,-80.06276154572922,226324,2373.285,48.056999999999995,true
242,36.81119610595514,-82.41543140659924,180416,2582.275,16.877,true
243,36.83166609318282,-81.1316583077344,147055,2618.4549999999995,16.815,true
244,38.01155487036606,-79.30306676381753,146312,2763.464,15.555000000000003,true
245,37.151423461839926,-79.21396191471108,382232,3949.3980000000006,39.716,true
246,37.177039783526396,-81.74272176250226,63107,1021.2270000000001,2.741,true
247,37.368959789240584,-81.13034512424406,58479,398.96400000000006,1.457,true
248,37.51257730393714,-81.64101698757159,34619,874.9399999999999,3.385999999999999,true
249,37.822665033004434,-80.44863065812082,49357,2089.7210000000005,8.046,true
250,38.32466149492476,-81.56716855818662,61278,1055.8690000000001,8.108,true
251,38.34249726786407,-81.7156039376893,69651,939.5499999999998,8.924999999999999,true
252,38.705981445514375,-81.62810458843768,55143,1327.5209999999997,9.738000000000001,true
253,38.361203664211835,-81.64610299678029,111481,331.26899999999995,3.363,true
254,39.419530074676636,-77.9725722534869,199701,869.4299999999998,4.061,true
255,38.35098192462136,-82.15298319720033,137864,1505.0539999999999,19.151,true
256,37.76330736064149,-82.06848660667812,46018,754.0210000000001,2.109,true
257,38.37736252360282,-82.40243415563955,71644,93.442,3.448,true
258,37.82900512136349,-81.21334771784427,81878,702.4489999999997,4.289999999999999,true
259,37.82952374444316,-81.0117739587999,43325,897.04,9.910000000000002,true
260,40.17188498342899,-80.62497288857169,125098,601.2669999999999,19.164,true
261,39.2698388373551,-81.4047417984284,126810,1394.1049999999996,29.712,true
262,38.83656014418742,-80.06260637920822,80756,2839.95,7.104999999999999,true
263,39.247357886952635,-80.37001926702816,85274,1215.0750000000003,7.768000000000001,true
264,39.228898740436655,-80.3715701697196,54322,1307.0520000000001,5.116999999999999,true
265,39.57938404825334,-79.99807393014463,186785,1056.51,10.011,true
266,38.4132401827447,-80.83055552327481,29730,1001.668,11.753000000000002,true
267,39.38662018629457,-78.90963177274818,52782,1110.5359999999998,7.294,true
268,38.962431402681794,-79.02954348825854,31397,1667.9309999999998,4.893000000000001,true
270,36.21161098751895,-80.43621142380464,292123,1941.3410000000008,19.409000000000002,true
271,36.08411345564524,-80.26636136596653,272203,201.706,1.566,true
272,35.973385696385485,-79.79376359343865,621548,2323.6,36.469,true
273,35.8556774500021,-79.58675962097287,404727,2577.921,43.44599999999999,true
274,36.075669267914066,-79.8205573728154,334723,230.38199999999995,4.168,true
275,35.79397037807125,-78.64153923077833,1296827,4220.2699999999995,81.19899999999996,true
276,35.82133060152165,-78.63679984314469,559915,294.54800000000006,4.958,true
277,35.98025396784755,-78.90093991180329,306633,233.90500000000003,12.684000000000001,true
278,35.83001091402139,-77.5604523227825,518315,5773.893000000001,356.4039999999999,true
279,36.171796125113666,-76.2912376829553,195742,3242.1090000000004,518.903,true
280,35.36227449884482,-80.92307001852124,773479,1770.7240000000002,41.601,true
281,35.28479274813415,-80.78551478242716,656540,2527.372,56.07999999999999,true
282,35.20725799782761,-80.8172261002349,955169,403.25900000000007,8.019,true
283,35.00454549703182,-78.99378841957133,836202,4976.539999999998,35.99,true
284,34.25426978706484,-78.04193243974179,526766,3962.5119999999984,115.13799999999999,true
285,34.98653491504948,-77.28800330955117,507107,3633.424999999999,481.962,true
286,35.92586882374528,-81.32715125471998,635132,4087.509,38.995999999999995,true
287,35.4823391110154,-82.65948763763582,570020,5389.814000000002,51.229,true
288,35.58217640726566,-82.5577841741627,136395,136.768,1.436,true
289,35.09964382011193,-83.97365321729615,39847,666.655,16.933999999999997,true
290,34.02164303233875,-81.00018173709594,462912,4151.609,117.265,true
291,33.872833089857885,-80.81525112628262,356474,4090.044,154.573,true
292,34.05379330799477,-80.99818174223816,344350,295.534,14.331,true
293,34.90569995175094,-81.93692911957177,431511,2094.69,24.903000000000006,true
294,32.94259977793735,-80.04672831843696,865517,4006.2559999999994,312.586,true
295,33.9648231725239,-79.29554950514894,702152,5091.647,46.925999999999995,true
296,34.72177078352437,-82.4666303614589,1068111,3661.7879999999996,144.333,true
297,34.93077179808209,-80.98866565571598,426193,1891.0810000000001,25.218000000000004,true
298,33.523153911539076,-81.77252373809382,224472,2430.4149999999995,54.592000000000006,true
299,32.36447148943325,-80.8229660149178,236733,2008.8590000000002,197.42000000000002,true
300,33.91325505573427,-84.17986406092655,2514378,1656.5680000000002,31.542999999999992,true
301,33.98989862988166,-84.76926233524529,1327905,3528.4990000000007,46.26200000000001,true
302,33.41048428470803,-84.42724206082119,1133210,3283.4980000000005,80.20499999999997,true
303,33.79535100108366,-84.39483794872838,1043682,355.478,3.7489999999999997,true
304,32.3985481881364,-82.05323670216751,230790,4904.742,78.29499999999997,true
305,34.38670797601413,-83.82299006841052,716672,4155.787,104.542,true
306,33.92778213441993,-83.38358355054541,430829,3328.643,99.11999999999998,true
307,34.7582793836213,-85.07988346042244,371739,2020.1069999999997,6.366999999999999,true
308,33.42573799267979,-82.22728925250331,221032,2024.596,72.96699999999998,true
309,33.44449504250796,-82.03567210571731,206032,183.142,4.164,true
310,32.63752266663353,-83.48184788640994,543111,8517.762999999995,113.70800000000003,true
312,32.84651988318197,-83.67248612073907,167808,349.881,5.913,true
313,32.00164536003466,-81.41148520145849,238927,1952.6409999999998,91.10300000000001,true
314,32.03412260085542,-81.13269160194322,260224,262.35100000000006,18.678,true
315,31.291516520443675,-82.03537001266095,344043,5297.009999999999,136.88100000000003,true
316,30.942270058286578,-83.27174491717471,199600,3026.666999999999,37.065999999999995,true
317,31.451163054936867,-83.91689365401348,365019,4756.886000000001,73.315,true
318,32.595819024865534,-84.7835536806884,89240,2291.4170000000004,22.45,true
319,32.492335472048076,-84.93463780017053,200022,182.43199999999996,4.91,true
320,30.13662563099405,-81.90109728193275,707910,4671.582,150.818,true
321,29.226459020673428,-81.34282850769543,654028,2350.116,228.15099999999998,true
322,30.284749856902156,-81.61981552106663,1056445,899.2500000000001,113.08199999999998,true
323,30.418065176672823,-84.25595041100398,442411,4287.061,340.42599999999993,true
324,30.417686650128474,-85.65755774795188,360015,4259.508,322.81899999999996,true
325,30.53189881716424,-86.99871892592684,732220,2295.976,140.144,true
326,29.63650681262359,-82.43451378510096,391394,2944.998999999999,193.06499999999997,true
327,28.7569379753607,-81.32321292613312,1066223,1639.458,172.966,true
328,28.50535533195519,-81.34576822379488,1066412,490.98,38.90599999999999,true
329,28.055392580115946,-80.64262679626924,694637,1248.0339999999999,194.88,true
330,25.929813508519235,-80.32380741557985,1789891,1673.374,604.175,true
331,25.767731718514398,-80.29467745013451,2030960,633.567,65.09200000000001,true
333,26.1382731900574,-80.23594599632919,846439,356.545,10.905999999999999,true
334,26.61250467533096,-80.16173318641292,1606670,2471.5910000000003,62.044000000000025,true
335,28.01232583684493,-82.29598112902295,889338,1588.7329999999995,72.38699999999997,true
336,28.01725394715227,-82.46827375206688,814472,246.64500000000004,21.448999999999998,true
337,27.85536207507598,-82.72524367141867,765025,189.358,58.94,true
338,27.9549746442454,-81.74878828388394,822151,3171.2549999999997,305.724,true
339,26.666338907533504,-81.88513248637184,892745,2151.674,262.55199999999996,true
341,26.211452444092487,-81.68376022553149,436283,2420.769,103.389,true
342,27.32172783662461,-82.42690355824061,886639,1864.992,138.91799999999992,true
344,29.038944951563316,-82.25179336044874,488927,1487.6940000000002,142.28099999999998,true
346,28.2838809332928,-82.6306244423058,733564,820.4540000000001,73.363,true
347,28.422474286725176,-81.5555655503407,860200,1840.503,285.21899999999994,true
349,27.279259870851757,-80.39289559539388,503104,2135.0159999999996,109.252,true
350,33.52335959291807,-86.73596143016817,469618,3421.4910000000004,97.55200000000002,true
351,33.53094267712772,-86.60704362439489,344867,2660.2290000000007,57.58699999999999,true
352,33.48978337370386,-86.7770718544452,508432,347.90899999999993,4.254,true
354,33.18570138974467,-87.60790662545409,252337,3328.266000000001,58.311,true
355,33.966716276686334,-87.60080461517465,152447,3949.452,38.138,true
356,34.68559720898228,-87.29840349221573,391148,3094.2079999999996,171.086,true
357,34.74666202157885,-86.53845647762692,270589,1782.2710000000002,77.75799999999998,true
358,34.71899705677028,-86.58883033175694,210198,266.038,7.381000000000001,true
359,34.217604599428626,-85.99282612581722,288780,2467.963999999999,105.54999999999998,true
360,32.27388674320211,-86.15650068220306,299652,6209.598,80.65400000000002,true
361,32.34645364772689,-86.23743661328604,208767,314.6410000000001,9.562,true
362,33.62359707516367,-85.73568651374057,183147,2512.114,16.128,true
363,31.274767914203903,-85.56521008592145,245862,2636.52,12.245000000000003,true
364,31.319435340307006,-86.87264120009606,102146,4118.29,32.067,true
365,30.673773321311813,-87.91484861073252,409266,4357.27,167.807,true
366,30.670575158949923,-88.17964738266525,280818,277.957,9.078000000000003,true
367,32.38792753642001,-87.33005240417577,102073,4996.817000000002,67.50300000000004,true
368,32.58507469384549,-85.32790608873168,286473,2284.6749999999997,47.673,true
369,32.14347038014322,-88.24636162978746,17596,1228.472,8.540000000000001,true
370,36.19565239585479,-86.8375267938618,1082167,5112.6050000000005,75.785,true
371,35.995111109383856,-86.55124303271677,759518,3693.976,62.33200000000001,true
372,36.13095981006117,-86.7940318324919,486862,285.69800000000004,7.265,true
373,35.27358032112192,-85.27331853848918,610385,5286.759,113.63099999999999,true
374,35.05174861659883,-85.24495815107258,209822,222.37500000000003,11.572000000000001,true
376,36.40022283260111,-82.3734540868409,420863,1787.2179999999998,31.742,true
377,36.05102792286591,-83.84751889932753,356509,2877.216,100.07999999999998,true
378,36.001720731470854,-83.77252700827039,547948,4153.995000000001,140.75799999999998,true
379,35.960487309908075,-83.99622100830503,434474,386.019,16.733999999999998,true
380,35.387555588477184,-89.59844961630718,432134,4034.1700000000014,99.544,true
381,35.11798518591266,-89.9291865861697,722592,379.2920000000001,7.105999999999999,true
382,36.30924919923881,-88.69555799787477,112719,2017.2900000000004,59.75999999999999,true
383,35.62950450140851,-88.612320214685,289313,4131.971000000001,66.84100000000004,true
384,35.41922606606318,-87.21906615287836,190999,3136.1970000000006,7.081999999999998,true
385,36.1368524110443,-85.33730021960076,247168,3367.3299999999995,72.62999999999998,true
386,34.68962345256416,-89.78646350499494,423920,5229.684000000003,126.16199999999999,true
387,33.53645035155892,-90.82313359112986,104688,2607.105,83.53999999999998,true
388,34.380556707424546,-88.6506827756825,258952,3738.4260000000004,45.31699999999999,true
389,33.745854502758455,-89.89409006684149,104225,3503.7750000000005,81.94200000000004,true
390,32.419554207235365,-90.03309504431871,283745,5238.050000000001,79.905,true
391,32.26105385731173,-90.35916392019246,284221,5832.144000000001,111.70899999999997,true
392,32.313587628697114,-90.19110385114446,219597,277.034,3.566,true
393,32.43890914058149,-88.82618220837448,196050,5482.382,25.527999999999995,true
394,31.246866744988406,-89.31117674291245,378971,5750.442000000001,42.660999999999994,true
395,30.456559537991268,-88.97424962721546,410568,2098.4689999999996,54.29299999999999,true
396,31.31742051638109,-90.49794448076726,128105,3861.6730000000007,22.066,true
397,33.517881303750265,-88.69294296391668,168148,3036.6949999999993,31.20800000000001,true
398,31.14737758161827,-84.59742798608704,107770,3670.855,99.66600000000003,true
400,38.13002003481467,-85.37892134691053,273850,2255.886,35.80000000000002,true
401,37.899494459636124,-85.97342554823442,151757,1290.331,16.512,true
402,38.19430336093052,-85.68366541847476,772772,353.18500000000006,3.672999999999999,true
403,38.03698145116321,-84.33255129436317,357159,3537.1420000000007,43.18599999999999,true
404,37.60947653219783,-84.43127102975834,193336,1923.6999999999998,17.663000000000004,true
405,38.019733045513426,-84.47644049507704,323443,301.41200000000003,2.053,true
406,38.234919,-84.86878599999999,52133,217.628,4.035,true
407,36.96509625035706,-84.13484903607865,111325,971.874,17.686,true
408,36.87259470754806,-83.2450737062094,31995,698.434,3.482,true
409,36.90306168984643,-83.74621791217275,62382,1146.2410000000004,4.791,true
410,38.90393440755356,-84.51259685580614,522059,2639.279999999999,24.35299999999999,true
411,38.41908352804779,-82.88837335555027,133219,1748.5569999999998,8.927,true
412,37.88916129592831,-82.70865220296291,48211,767.7570000000001,7.409,true
413,37.56982266471646,-83.46868557597426,32817,1151.6759999999997,6.836000000000001,true
414,37.837481980761964,-83.17995020517226,23807,594.307,3.097,true
415,37.46082881640854,-82.43685623236763,61468,806.4120000000001,2.4299999999999997,true
416,37.549151477072066,-82.74078709158596,36244,453.77399999999994,2.1889999999999996,true
417,37.25797604896087,-83.20717549814805,39889,697.862,6.5920000000000005,true
418,37.21306435166773,-82.86074542078326,26653,428.13000000000005,1.122,true
420,36.88728741188603,-88.52926462379095,222547,3046.291000000001,120.70699999999998,true
421,36.92900097745992,-86.25658575927602,242324,2251.546,32.51,true
422,36.872728596646745,-87.23191096367503,155789,2586.0950000000003,40.810999999999986,true
423,37.60540744390874,-87.0822285683374,176507,1980.8560000000004,31.717999999999996,true
424,37.5101216396669,-87.6143515628411,130890,2079.326,31.479,true
425,37.13920733332919,-84.62234357820134,80473,1050.1189999999997,27.316,true
426,36.82936841304799,-84.84479330436896,62661,1268.85,59.111999999999995,true
427,37.44828560604331,-85.76011020841523,187480,2827.883,50.70800000000001,true
430,40.13281991239903,-82.90992736723689,899716,2584.8269999999998,33.901999999999994,true
431,39.770336921567,-82.9309918025539,445004,2303.7809999999995,14.179000000000002,true
432,39.99735179957654,-82.98759328622681,847765,226.1,4.898,true
433,40.54671299539188,-83.33224098686695,181202,1932.3249999999998,11.235000000000001,true
434,41.4347424597102,-83.30971299108927,161356,991.2589999999998,61.25500000000001,true
435,41.51809279502363,-83.99152695645809,305323,2045.772,15.857999999999999,true
436,41.66537609736423,-83.57895159401997,328632,146.581,8.517,true
437,39.89149310342757,-81.7824558413053,188209,2490.1619999999994,28.16300000000001,true
438,40.25229429701701,-81.87458727368596,65572,932.263,7.224,true
439,40.30825399684974,-80.77652736927215,167923,1400.1510000000007,16.656000000000002,true
440,41.517003690312244,-81.586641153808,866589,1907.1579999999997,39.80200000000001,true
441,41.448653138104866,-81.67250997554409,1199632,412.252,11.436000000000003,true
442,41.14231644966663,-81.56534884990447,575046,1217.2810000000002,20.81200000000001,true
443,41.07046339748261,-81.53189531867277,264004,142.574,3.114,true
444,41.11208992826491,-80.75613717806633,334871,1277.2859999999998,32.401,true
445,41.0685983561704,-80.672338967005,154836,101.642,3.3179999999999996,true
446,40.73594121358217,-81.51814222966367,456775,2170.4620000000004,19.459999999999997,true
447,40.83571072581209,-81.39412313326183,191573,161.215,1.0099999999999998,true
448,41.06564302431208,-82.7307384846143,330782,2703.37,42.436000000000014,true
449,40.7485089644293,-82.5363056090403,93279,208.143,3.308,true
450,39.41363809812684,-84.44401194280906,635769,869.7019999999998,13.086,true
451,39.16226156993945,-84.02247308093004,350446,2101.0420000000004,21.545999999999996,true
452,39.17473122438596,-84.4899518973833,818955,344.16800000000006,3.867,true
453,39.9099191742069,-84.22420246458753,500250,2555.7,12.418000000000001,true
454,39.73934604429751,-84.16780657212227,486235,263.254,2.371,true
455,39.947901850956825,-83.81383650797211,100018,180.584,3.7270000000000003,true
456,38.939682572211005,-82.82512961684401,334305,3981.207999999999,27.411,true
457,39.33892021175888,-81.83594010788964,149453,1847.0180000000003,17.367,true
458,40.80061123893408,-84.14705222060815,365921,3334.2689999999993,24.32599999999999,true
460,40.05352763134521,-86.03233337996053,603288,1957.9919999999997,9.108,true
461,39.64418765876866,-86.20532097176566,582130,2811.6769999999997,15.069,true
462,39.7924907445014,-86.1375205381837,986025,413.56399999999985,7.808999999999999,true
463,41.50710292372588,-87.22877366126403,687743,1722.3400000000001,27.231,true
464,41.54939525649917,-87.33425602568,124862,93.71799999999999,8.227,true
465,41.548826772886535,-86.01472933047329,493172,2115.956,40.739000000000004,true
466,41.67490240115324,-86.27757146241282,147931,136.592,1.4100000000000001,true
467,41.19254001040055,-85.19606878290018,338251,3071.4210000000003,41.39200000000002,true
468,41.09633850564742,-85.13633089551963,330151,300.08099999999996,0.6130000000000001,true
469,40.6580936823487,-86.0470552311195,304425,2969.613,20.788999999999998,true
470,39.16601744317311,-85.03276811501841,117550,1370.082,14.63,true
471,38.38529568941784,-85.87733904299633,307281,2089.3730000000005,16.998,true
472,39.064234463991134,-85.76593909828223,217502,2090.0090000000005,11.397,true
473,40.061056188796,-85.21893765462623,310621,2526.4220000000005,14.868,true
474,39.05700202090057,-86.58486026778,261524,2269.841,36.36299999999999,true
475,38.467816921824465,-87.0631603057353,164169,2536.2869999999994,40.459,true
476,38.075546209675295,-87.45824937015864,128947,1483.1909999999996,26.817999999999994,true
477,37.99665029018457,-87.55423351309861,183242,234.14,3.5289999999999995,true
478,39.45209648276865,-87.32759531143034,182342,1786.5989999999997,23.776999999999997,true
479,40.425729484779175,-86.96320464935432,314372,3685.095000000002,18.131000000000004,true
480,42.613338953641026,-82.95546979211122,1171359,1277.258,60.402,true
481,42.25804699466757,-83.4687929536493,1638092,1766.4679999999998,57.10199999999999,true
482,42.393389053929816,-83.11064081639623,855742,189.824,7.185999999999998,true
483,42.61956372000615,-83.29194164153829,1029419,687.972,35.657,true
484,43.0515504377911,-83.51893991663512,461606,3041.5960000000005,75.389,true
485,43.01989765263221,-83.69697002178752,166590,114.06400000000001,1.534,true
486,43.70281435757319,-84.23605596950351,391724,4173.183999999998,112.604,true
487,43.72675329771026,-83.66187810430606,202818,2829.731999999999,161.788,true
488,42.92255385869693,-84.5751494526145,642187,4101.805,54.559,true
489,42.718472046964735,-84.5735845009665,161419,96.143,1.7510000000000001,true
490,42.22803445927985,-85.60223280144682,752981,4074.822000000001,129.24099999999996,true
491,41.874517276747,-86.33851992918872,108171,529.0669999999999,21.911999999999995,true
492,42.108992378772136,-84.33376981713285,348410,2537.635,48.184,true
493,43.11388780991126,-85.5618986980838,353477,2508.677,68.70500000000001,true
494,43.08334382982751,-86.09410695388168,600667,2557.532999999999,149.12500000000003,true
495,42.93791711575819,-85.65185657393282,434060,197.14500000000004,4.868,true
496,44.555760859732935,-85.5822967882043,277984,4656.271000000001,271.2610000000001,true
497,45.41885076978607,-84.46961050809075,224413,6900.717000000003,982.2360000000003,true
498,46.083589724901515,-87.34209363269481,177431,8297.462999999998,505.69199999999995,true
499,46.811923670463194,-88.86057036755123,78756,5555.563,244.22699999999998,true
500,41.772053954492605,-93.70546840847527,266638,3560.958,14.378,true
501,41.69556018387721,-93.40837403292392,191617,3838.278000000001,25.858999999999995,true
502,41.60281720949984,-93.63450758853907,244425,3655.076999999999,24.270999999999994,true
503,41.599683498520456,-93.64939349093198,305837,149.58700000000002,3.4269999999999996,true
504,43.15820787240063,-93.30731632912881,102140,3466.0009999999993,13.259999999999998,true
505,42.66973909986991,-94.3950155633009,121468,4614.017000000003,20.476000000000003,true
506,42.62774847756767,-92.43207379202815,169599,4089.339,14.108999999999998,true
507,42.467348894567735,-92.31578727033383,76874,190.335,2.801,true
508,41.004557096397285,-94.50787657635814,31837,2246.273,9.714000000000004,true
510,42.65764320763647,-95.98811366535014,88313,3965.929999999999,10.053,true
511,42.50982240305883,-96.37737534725144,89446,129.862,1.847,true
512,43.232803063702185,-96.0804888932826,46686,1419.154,0.45200000000000007,true
513,43.29043473994724,-95.10244950183912,47002,1481.406,36.746,true
514,42.09767867567798,-95.08025383089095,46978,1922.0889999999997,5.290999999999999,true
515,41.30322209485787,-95.69409452817831,147157,3367.021999999998,18.547000000000008,true
516,40.74673413448459,-95.30291824409407,22642,1112.7530000000002,6.939,true
520,42.4753391945088,-90.84145638789094,145906,2303.892,37.231,true
521,43.216688885351104,-91.72846155959319,57349,2314.1549999999997,16.264999999999997,true
522,41.77735768087059,-91.6062001613325,179927,2213.1689999999994,6.798999999999998,true
523,41.89534885991768,-91.68453762535422,172984,2697.6630000000005,15.926999999999996,true
524,41.97785372842721,-91.67295540746693,145125,129.132,2.69,true
525,41.008954950306105,-92.44737188301004,110255,3325.3920000000003,35.92700000000001,true
526,40.811163564717766,-91.34747236846235,101989,1849.2280000000003,49.355,true
527,41.627498939331474,-90.68363870175612,174654,1851.5369999999998,39.559000000000005,true
528,41.55734060337662,-90.60785325733441,104187,108.523,2.381,true
530,43.36758964947384,-88.16615698252417,661962,2688.9000000000005,66.804,true
531,42.789940425602666,-88.14859985598211,697740,1628.8959999999997,53.348,true
532,43.05221848974563,-87.96400664726153,805414,160.41799999999998,6.807,true
534,42.742125910519206,-87.82891778712293,128061,58.062,8.502,true
535,42.93446100433936,-89.36174536131064,584416,4855.38,74.62499999999997,true
537,43.068947538989846,-89.3943236677579,308529,113.74199999999998,5.3260000000000005,true
538,42.84022975177294,-90.67609143273366,59929,1315.599,44.597,true
539,43.59063375159518,-89.45355969981104,204054,3167.5780000000004,99.879,true
540,45.030966735608956,-92.55905969744279,158345,1531.186,39.302,true
541,44.66162620704291,-88.19165688124357,266935,4267.642,108.27300000000002,true
542,44.40235151060088,-87.62101424697748,131357,1368.8790000000001,50.309000000000005,true
543,44.51774604036963,-88.01786355847574,187864,163.643,3.059,true
544,44.799586425108885,-89.7844349521884,391455,7432.807,164.554,true
545,45.84026363495808,-89.66464016918908,92425,5729.3550000000005,383.88400000000007,true
546,43.90365027806742,-91.00242407337787,256071,4374.737,107.302,true
547,44.84726982802845,-91.53041942620399,273772,4512.93,108.93599999999998,true
548,46.02787015779568,-91.76316439164862,184910,7429.422999999999,354.38700000000006,true
549,44.13856585390313,-88.60077908519101,500483,3011.234,75.81799999999998,true
550,44.917479117591284,-93.05118849343792,717213,4359.726000000001,176.097,true
551,44.94943065283077,-93.09165557266321,825004,279.12500000000006,27.379999999999995,true
553,45.02247256528495,-93.61164228662625,1054753,4339.064,221.36400000000006,true
554,44.99832359062449,-93.30634496292176,1141314,287.53200000000004,15.263,true
556,47.505619284008525,-91.22927736693211,16415,3020.3370000000004,333.72400000000005,true
557,47.17741871211877,-92.79356108131373,167715,9943.021999999999,674.7870000000001,true
558,46.84451632522612,-92.12722062304248,118413,528.615,56.812,true
559,43.96029174560878,-92.35638316555625,346486,4689.09,54.167999999999985,true
560,44.10804521513247,-93.9526613137641,268839,5206.8409999999985,124.71799999999999,true
561,43.85541046456597,-95.63551251316105,90605,5043.630999999999,77.60499999999998,true
562,44.98970399138978,-95.49563266415646,143899,7156.890000000001,167.64100000000005,true
563,45.698672375660195,-94.46985012899083,323577,5642.440000000001,367.39900000000006,true
564,46.538390663596516,-94.44311528323092,151024,5139.061999999999,558.208,true
565,46.751688252267606,-96.18329217472872,181359,6930.800000000002,423.10400000000004,true
566,47.69755192362435,-94.54783587334704,91757,8953.116,675.401,true
567,48.234475268985406,-96.32417057719408,68658,7363.1280000000015,526.9819999999999,true
570,43.47806833012463,-96.94251070530001,189277,5918.530000000001,66.568,true
571,43.53242298975445,-96.73679585440796,199599,175.86,0.7590000000000001,true
572,45.00924199284225,-97.08717542969889,73347,6416.387,261.51300000000003,true
573,43.843604280898326,-98.31842522266179,83087,10521.555000000004,163.70399999999998,true
574,45.41362212858792,-98.65290244850962,60620,9165.063000000002,174.87799999999993,true
575,43.917481785601936,-100.4558731662592,52132,14664.386,307.28499999999997,true
576,45.39905680128016,-101.11524863946231,20310,11570.872999999996,271.7060000000001,true
577,44.10007629224069,-103.29151572394004,206436,17529.34799999999,58.49300000000001,true
580,46.73109441318165,-97.1286951280518,95026,6320.209999999998,29.768000000000004,true
581,46.8504067847732,-96.8310579094311,128195,71.377,0.051000000000000004,true
582,48.013225435221976,-97.31471467512023,101624,6252.266000000001,37.93599999999999,true
583,48.36771918615701,-99.44399409315287,46724,8032.013999999998,345.429,true
584,46.82553654596046,-98.85091029301043,46899,11323.006999999998,291.7510000000001,true
585,46.83933325703075,-100.84423886167365,158269,9937.178999999998,385.23699999999985,true
586,46.8348340290668,-102.84852722820776,50814,10594.486,51.169,true
587,48.25317753984538,-101.50565426416965,97778,11105.194000000003,410.836,true
588,48.16232591877847,-103.58439388457833,53114,4395.223,141.28400000000002,true
590,45.70345548819357,-108.94139417138489,87410,25896.396999999997,105.174,true
591,45.759306590695175,-108.51099049529098,143646,813.6690000000001,3.9840000000000004,true
592,48.077643668313726,-105.15274782608958,38250,16879.754000000004,260.346,true
593,46.49940388728584,-105.47592494814985,34379,22237.806999999993,219.85800000000003,true
594,47.641826586999414,-111.37895109416607,133271,21677.645999999993,175.04299999999998,true
595,48.47897510351556,-109.4601142734954,31261,13837.240999999998,98.53399999999999,true
596,46.59317191043161,-111.98866949914162,85912,6238.303000000001,78.791,true
597,45.76805818040042,-111.64997089450009,192749,14989.609999999999,85.468,true
598,46.89567115552282,-114.12838094625829,209069,12823.057999999995,148.57799999999997,true
599,48.28711157417833,-114.47531297223703,128791,8066.356000000001,252.88500000000002,true
600,42.206279697746204,-87.98940573231287,1676902,1111.797,51.07899999999998,true
601,41.970926004717185,-88.1757568273493,1451501,1240.304,10.845999999999998,true
602,42.04420685889007,-87.690919228637,82744,8.463,1.7690000000000001,true
603,41.888506498182316,-87.79516441761041,66293,7.177,0.002,true
604,41.58514839078461,-87.86757142881439,1449402,1739.6170000000009,28.84799999999999,true
605,41.74154721506715,-88.17709046804436,1035179,1208.758,12.639,true
606,41.86718795446245,-87.68186442131973,2729418,221.66599999999997,11.655,true
607,41.97045675824058,-87.8015920523635,112037,15.631,0.0,true
608,41.76946748876872,-87.7282941172348,152743,25.305000000000003,0.6619999999999999,true
609,40.987701832563786,-87.88826494768317,158968,2664.5080000000007,6.908999999999998,true
610,42.18247658300151,-89.3829456768213,303121,3415.5659999999984,39.31000000000001,true
611,42.288511683119246,-89.04943464646136,226388,194.64,2.874,true
612,41.49868281733958,-90.41150247445898,210905,1945.4850000000001,57.101000000000006,true
613,41.340946524956,-89.06931512782799,144915,2428.279,21.584999999999994,true
614,40.86823080339949,-90.40094127113946,134608,3353.946000000001,25.054000000000002,true
615,40.673836839162824,-89.61924945049256,204306,2003.908,58.93600000000001,true
616,40.71403427926768,-89.61696346317292,163918,149.146,15.613999999999999,true
617,40.51742852567357,-88.94882860963334,233236,2635.481,10.201000000000002,true
618,40.12303956876101,-88.13047606396617,289939,2188.6230000000005,8.351999999999999,true
619,39.600643048743116,-88.23745915471007,100527,2000.5719999999997,13.971,true
620,38.9304832960492,-90.02050331772666,295890,2688.015999999999,65.268,true
622,38.519902180830805,-89.89575105313614,451516,3193.477999999999,88.43400000000007,true
623,39.98354303104995,-91.1890007964026,106538,3023.500000000001,61.681000000000004,true
624,39.02557538493005,-88.2427573750439,144964,3839.511000000001,18.771999999999995,true
625,39.740360539914896,-89.09846343940326,176726,2220.9590000000003,19.170999999999996,true
626,39.82794056131518,-89.92090846227943,157302,3580.6320000000014,45.019999999999996,true
627,39.78544741209606,-89.65964221447963,138293,139.57,5.681,true
628,38.31529751423778,-88.75283776979944,201471,4649.499000000001,63.506,true
629,37.64157100261368,-88.9770517150847,212727,3595.713000000001,102.27500000000008,true
630,38.530109720291215,-90.55146061526666,737206,2117.007,25.916999999999994,true
631,38.622966337683266,-90.31413514573553,908289,293.295,11.182,true
633,38.83846684670928,-90.77165742309282,533757,2941.3589999999995,69.47799999999998,true
634,39.832051327783454,-91.62422685525733,67569,2990.0429999999997,46.204,true
635,40.15096163765189,-92.57990178947891,59912,3084.8840000000005,22.341,true
636,37.776102588286975,-90.5006706716624,133185,3546.936,24.498000000000005,true
637,37.37018024083189,-89.6773226789919,130643,1946.942,24.423,true
638,36.59109378769617,-89.76887081585974,111510,2679.758999999998,67.91299999999998,true
639,36.8068077680169,-90.51549147449683,76234,2999.4779999999996,28.419,true
640,39.02543070372444,-94.30861541602472,651937,2862.5400000000004,41.653,true
641,39.107314805035045,-94.55570271353926,603729,392.92100000000005,6.296999999999999,true
644,40.006808611539235,-94.63786531641989,99140,4795.709999999998,34.16499999999999,true
645,39.76905380777439,-94.81986897059326,83402,176.64600000000002,3.6719999999999997,true
646,39.8338948955858,-93.55969323226844,69435,4510.803000000001,39.592999999999996,true
647,38.14905406334003,-94.15738209072646,112867,4401.951999999999,93.179,true
648,37.01478129145151,-94.42763598143048,202960,1709.15,5.0520000000000005,true
650,38.39846478558974,-92.38814595805061,156000,3692.8340000000007,95.831,true
651,38.54078695164299,-92.21503884238795,69690,211.63299999999998,7.622,true
652,39.032046765573206,-92.30533739263808,280851,3756.7859999999996,54.925,true
653,38.70330475134845,-93.26981845221079,104009,2660.917000000001,75.81800000000001,true
654,37.82364332331298,-91.84654283202596,91048,2590.976,7.462999999999999,true
655,37.69849302532737,-92.07018456964197,121726,3710.936999999999,11.807,true
656,37.04966786703026,-93.24129568100292,211958,5089.503,96.29100000000001,true
657,37.06258609864365,-93.0914528503982,302280,5341.599000000001,80.79499999999997,true
658,37.19164955089043,-93.3016020584853,235840,225.77799999999996,2.322,true
660,38.930590447198654,-95.01428430681362,520536,4698.867,91.11599999999999,true
661,39.11449818975398,-94.71589291635621,161409,136.959,4.3309999999999995,true
662,38.95293301932063,-94.70288154071577,412202,170.17600000000002,1.8099999999999998,true
664,39.17075735291523,-96.32694620144699,86151,2996.376,21.169000000000004,true
665,39.22556949657034,-96.31274290181067,132958,3292.2969999999996,53.09,true
666,39.03604298937645,-95.72574485553967,163787,295.763,8.327,true
667,37.53035566325789,-95.0193896082489,112846,3939.855999999999,34.586000000000006,true
668,38.392224512593764,-96.2794620975391,57330,4267.022,59.836000000000006,true
669,39.72430315496117,-97.72386170711205,24077,3602.2060000000006,16.017999999999997,true
670,37.6067776740934,-97.28151727458695,185142,6746.136000000001,39.863,true
671,37.66421580891334,-97.42660453360327,114435,4329.9180000000015,14.879,true
672,37.69096183213923,-97.33116560752232,426121,262.36699999999996,6.562000000000001,true
673,37.19447745198097,-95.57740737439444,56967,2359.237,27.118000000000002,true
674,38.83996568256737,-97.6455067362844,133537,7215.721,41.88499999999999,true
675,38.16204978406559,-98.35094019363108,116239,7133.976,29.252999999999993,true
676,39.126641769310886,-99.3954737985069,57610,6908.921999999999,36.775999999999996,true
677,39.388756464787356,-101.13769388803486,30543,8420.065999999999,2.449,true
678,37.874532228038746,-100.62269270916748,116660,12877.215000000002,7.720999999999997,true
679,37.111419203305736,-101.05451948630578,29222,1682.0369999999998,0.753,true
680,41.30080680533927,-96.24139429032407,237860,3081.789999999999,55.971999999999994,true
681,41.24122998132925,-96.05082181420346,647269,282.63199999999995,6.262999999999999,true
683,40.44705128592003,-96.75091892294063,81932,4332.410999999999,23.778,true
684,40.69324726189711,-96.69879700937797,74724,3279.336,20.659,true
685,40.80274204452359,-96.6738434347492,299302,262.66600000000005,2.569,true
686,41.471982273697,-97.42422409436679,74904,4444.581999999999,37.941,true
687,42.26014392781846,-97.39043268170326,127969,10291.222999999998,76.116,true
688,40.95522703007238,-98.78117024346038,171453,9209.097000000002,53.44,true
689,40.46101842994685,-98.69869832209089,70732,5366.224000000001,31.021000000000004,true
690,40.33536391408323,-100.85408928224729,24128,5312.757000000001,20.421000000000003,true
691,41.152187190678916,-101.33163672660815,76343,14400.533,82.972,true
692,42.61466083862741,-100.4187853945856,8626,4793.889999999999,32.494,true
693,42.14648124932318,-103.29825320841292,67226,12281.167999999998,90.06,true
700,29.93965197615938,-90.18435523954572,577963,1160.233,416.18499999999995,true
701,29.97309204352679,-90.05990948262563,422866,180.357,57.538999999999994,true
703,29.676729573178918,-90.76952853941796,271130,2000.7630000000006,317.125,true
704,30.48414895021276,-90.13653448781926,466967,2781.309,52.577000000000005,true
705,30.209949164645526,-92.0839956655525,631411,4648.087,228.52600000000004,true
706,30.30404544612729,-93.24311928488352,285033,4520.832,406.55500000000006,true
707,30.45724321986503,-91.03032829247292,433284,3175.802,113.19000000000001,true
708,30.431910749530626,-91.09921451751607,389884,222.35199999999995,9.530999999999999,true
710,32.50628197202013,-93.50983123324322,174018,4842.843000000001,143.56999999999996,true
711,32.465427946656845,-93.75171533069661,293196,530.221,31.603,true
712,32.53388540694937,-92.11303002769124,333872,5825.519000000001,136.23100000000002,true
713,31.307098436553233,-92.16914005651493,193619,4187.290999999999,195.59799999999998,true
714,31.48276651364686,-92.90924554527953,184035,6159.085999999999,252.88099999999994,true
716,33.81852102730041,-91.88013810187441,149082,5146.33,162.02700000000002,true
717,33.383663840873446,-92.80742360611713,98186,3882.1009999999997,28.769999999999996,true
718,33.634561740769314,-93.8759481595026,119249,4032.9899999999993,103.47399999999999,true
719,34.44443279511415,-93.26711755609942,171393,3809.545,115.24499999999999,true
720,34.91607108106559,-92.24629163965174,404697,6043.195000000001,170.67899999999997,true
721,34.883353919050165,-92.20496336880663,320816,4267.8330000000005,116.07999999999998,true
722,34.72927180114527,-92.37526138395381,221257,281.32300000000004,12.112,true
723,35.21427904174767,-90.4029407173853,152751,4161.680000000001,131.90600000000003,true
724,35.956946868949586,-90.65832006470387,236306,4249.397,25.734000000000005,true
725,35.91737206618238,-91.77673988495107,106962,3229.929,55.359000000000016,true
726,36.26393118497126,-92.90670840690133,137816,3673.795,70.44999999999999,true
727,36.21301679442905,-94.16709350852462,544503,2647.2409999999995,50.007000000000005,true
728,35.323947346545395,-93.25470132086815,121707,2890.856999999999,74.80800000000002,true
729,35.35514990201256,-94.26374564752565,226825,2747.667,45.688,true
730,35.404468248382095,-97.60057092652109,786510,7907.866999999997,97.46600000000001,true
731,35.45976251920433,-97.53295545225217,695364,391.13300000000004,10.165,true
734,34.164021272580726,-97.05760605732448,91815,2786.9680000000003,114.65900000000002,true
735,34.5869349621026,-98.51885586767436,203576,5679.553999999999,66.01199999999999,true
736,35.4187147886797,-99.25940517418951,57207,4933.069,34.391999999999996,true
737,36.367013619427674,-98.04656570295278,107630,5661.990000000001,30.327,true
738,36.45822367165368,-99.4563413071473,31415,5130.7880000000005,11.931999999999997,true
739,36.75928753163797,-101.42971666754147,28352,5108.538,14.078000000000003,true
740,36.18520292692639,-96.05741150031116,653697,6027.126,124.78399999999999,true
741,36.113252404938585,-95.9242867212248,436076,258.963,5.848999999999999,true
743,36.53573584510046,-94.99523070824958,124287,2643.061,103.28900000000003,true
744,35.71211399050307,-95.4215954062876,214701,3520.722999999999,241.46999999999997,true
745,34.74289643140063,-95.72798572976491,81699,4782.909,103.70400000000004,true
746,36.717481884321295,-97.11458573897849,52836,2303.15,50.867,true
747,34.00108051905337,-95.71291998520546,88777,3183.8950000000004,85.97399999999998,true
748,35.226703092524865,-96.79830781855387,198552,4724.184000000001,56.045000000000016,true
749,35.358483659931466,-94.6579028075795,106802,2917.545,66.644,true
750,33.02734583662674,-96.79055246671483,2599128,1439.3620000000003,101.463,true
751,32.60645460604158,-96.56501462247493,895229,3478.6690000000003,168.21900000000002,true
752,32.81404954342714,-96.78776162706751,1377042,363.84299999999996,7.336,true
753,NaN,NaN,0,0.046,0.0,true
754,33.28644458974027,-95.90637946090139,386794,6071.429000000001,240.913,true
755,33.36849870227009,-94.26653789677549,124136,2026.3730000000005,63.59000000000002,true
756,32.50550432920744,-94.68268238390344,338835,4117.857,109.21700000000001,true
757,32.28714388716003,-95.36113334313214,374557,3187.7940000000003,93.57600000000002,true
758,31.54811427784973,-95.68778386146242,122775,4574.3859999999995,84.295,true
759,31.352063537524266,-94.48247041681437,248839,6330.845999999999,333.63200000000006,true
760,32.68852417125603,-97.29050779814315,1338458,2945.7299999999996,52.77999999999998,true
761,32.76762070930302,-97.34018989864688,1069815,485.39799999999997,23.976,true
762,33.19906917973682,-97.20027647602551,568726,3541.815,94.322,true
763,33.88749038793281,-98.63168955246982,170081,4771.939999999999,96.65199999999999,true
764,32.54460448669851,-98.3982666439764,147352,8106.043999999998,121.06000000000004,true
765,31.073795095194487,-97.6185378986556,553698,4874.988,53.13,true
766,31.673522834147096,-97.08434112783998,168354,4752.524000000001,97.47900000000003,true
767,31.54961316324916,-97.15697004679153,189612,314.60999999999996,17.766,true
768,31.477527284200114,-99.23486055026991,83969,9911.653000000002,60.449000000000005,true
769,31.377305524694695,-100.53688995596282,137236,10034.500999999998,33.918000000000006,true
770,29.781329099789485,-95.44153655256046,3194004,830.1899999999998,17.198999999999998,true
772,29.720884,-95.343537,4280,0.51,0.002,true
773,30.20342441902047,-95.39940839536291,1410270,3732.4090000000006,161.89499999999995,true
774,29.686233166544998,-95.75420405323277,1415035,5134.386999999998,222.35399999999996,true
775,29.558841161112582,-95.13876298008199,1327761,2726.6079999999993,184.84999999999994,true
776,30.096020868047948,-94.0119420932318,280996,2230.2139999999995,98.72100000000002,true
777,30.042734855263344,-94.16539159051086,141526,398.40299999999996,18.206999999999997,true
778,30.597998861146127,-96.32195764683341,342720,4091.5849999999996,64.57000000000001,true
779,28.900253295235334,-96.96097427494014,168889,4620.175,392.78299999999996,true
780,28.59559953283668,-99.11124554733593,604187,11005.683000000005,120.47,true
781,29.467062491388532,-98.12784661287039,501192,4297.41,31.385999999999992,true
782,29.479817919639416,-98.54212869690083,1845233,877.705,11.104999999999999,true
783,27.790992892375414,-97.69857300934012,229678,7043.503999999999,198.779,true
784,27.688714664053236,-97.41815426798998,319759,307.914,62.801,true
785,26.21169122106717,-98.01198413193988,1378106,3839.7679999999996,360.34900000000005,true
786,30.352444586831677,-97.79572367723371,1214672,7340.459,101.65700000000001,true
787,30.30572760196891,-97.76569077845069,1149365,540.2470000000001,12.825000000000001,true
788,29.263864225964603,-100.22268703757904,171133,11212.641,101.11500000000001,true
789,29.93709768152749,-96.8965062678864,70835,2728.732,24.921000000000006,true
790,35.24782701613627,-101.6997571159714,213990,19466.968,54.769000000000005,true
791,35.18329256997876,-101.85412282244212,235893,692.0050000000001,8.876999999999999,true
792,34.308397750488396,-100.62489172255748,29177,8029.238999999999,56.227000000000004,true
793,33.35051749166389,-102.22865170222381,143832,10442.321000000004,16.172,true
794,33.54108325882137,-101.9089394614107,283176,460.039,3.07,true
795,32.58576801827029,-100.24748196539095,96386,8989.366,38.01000000000001,true
796,32.41068313015585,-99.76729351348904,136859,532.8619999999999,7.04,true
797,31.88960622307845,-102.2970708093471,453410,13206.972,13.490000000000002,true
798,31.27684394942287,-105.70261992265083,73294,9658.599000000002,9.860999999999997,true
799,31.79636359330629,-106.33394551441833,814018,912.637,1.119,true
800,39.77680669239813,-104.92167653174985,916945,432.22499999999997,7.673000000000001,true
801,39.50894340093925,-104.90295479187127,749106,3379.2,19.600999999999996,true
802,39.75621315812359,-104.9740152681232,1145547,254.05299999999997,3.0410000000000004,true
803,40.01561588652898,-105.26151558950494,131690,159.814,4.123,true
804,39.75678696268985,-105.68928726040437,226614,9158.599999999999,68.54499999999999,true
805,40.39652171784271,-105.0917667334012,612474,2885.3809999999994,51.644000000000005,true
806,40.22718466438365,-104.75169706214794,310408,3062.2749999999996,41.381,true
807,40.36744642782125,-103.21830208755443,68365,9492.957,20.007999999999996,true
808,38.9015009274177,-104.5087433574173,131809,9976.725,22.896,true
809,38.869001823585094,-104.76802275896688,609563,867.1160000000001,1.0779999999999998,true
810,38.11084262653406,-104.38292123913102,236790,18625.604000000003,92.36199999999998,true
811,37.4168939233506,-106.50714804635413,73921,9829.027,32.038999999999994,true
812,38.53302562444218,-105.85109286467834,90532,7419.518,29.174000000000003,true
813,37.41568765935987,-108.14462780571036,69798,4687.625000000001,17.136000000000003,true
814,38.49722565637193,-107.93497987609065,87391,5687.638,13.003,true
815,39.09921461231604,-108.56908191561372,152614,2254.174,7.916,true
816,39.65274749116126,-107.26755818102475,160430,15126.094000000001,31.761000000000006,true
820,41.233753676935706,-105.05851284759363,137598,5182.647000000001,19.619,true
821,44.519967,-110.64908699999998,392,2969.91,160.785,true
822,42.191923139036525,-104.52683138694499,23706,6574.542999999999,36.592,true
823,41.78788936763705,-107.25011527639859,14702,3722.3080000000004,41.91,true
824,44.43164155548024,-108.84429872857943,53109,8388.444000000001,44.745999999999995,true
825,42.9420670667595,-108.51459865442332,38062,5315.4259999999995,45.943999999999996,true
826,42.94307171989989,-106.31159888101494,95498,7953.999000000001,69.54699999999998,true
827,44.1541960270647,-105.3652363269163,60965,8786.483,15.882999999999997,true
828,44.713070626856016,-106.89117185767181,38658,4366.531,15.293,true
829,41.48988280376884,-109.63606299214037,68562,5721.023999999999,79.1,true
830,43.42466018857949,-110.68536341731401,22696,2074.49,61.681,true
831,42.65628590206046,-110.75828764012758,22228,3352.358,7.0649999999999995,true
832,42.91746648914065,-112.35842613112362,182009,15089.669000000004,174.931,true
833,42.67671251428655,-114.32900157907653,206663,8482.443,45.39899999999999,true
834,43.67700305786625,-111.93098462259309,241799,9013.327999999998,87.72200000000004,true
835,46.22818416191113,-116.55521645922832,71706,6554.328999999998,42.64200000000001,true
836,43.688413235003964,-116.47513113330284,552046,14287.019000000002,161.35500000000002,true
837,43.631861791719146,-116.17080900932373,292941,1228.48,12.164000000000001,true
838,47.72192783458281,-116.73629333184819,291723,6512.148999999999,276.73199999999997,true
840,40.63326312565832,-111.82607962908256,1554159,11041.657,163.68400000000005,true
841,40.70654248600257,-111.90074894746645,639653,388.963,32.113,true
843,41.67996753949844,-111.9043316342433,207793,4643.506000000002,63.837000000000025,true
844,41.23916952444009,-112.01122079827397,214320,201.752,1.827,true
845,38.79563092142645,-110.2288293966251,53784,9982.182,184.096,true
846,40.0098802719418,-111.64111294122401,322911,3603.5759999999996,11.183,true
847,37.396376916352686,-113.26450999240262,277618,9809.128999999994,20.589,true
850,33.530865817329875,-112.09242443690776,1453040,542.6859999999999,1.2380000000000004,true
851,33.085637744915466,-111.62321743364366,465873,3409.0670000000005,4.710999999999999,true
852,33.406951110143964,-111.80985783187494,1638038,1508.81,16.439999999999998,true
853,33.442422923375744,-112.63761730599322,1498703,13579.277,27.631999999999994,true
855,33.400822794741046,-110.39213282875211,97662,6842.241000000001,55.354,true
856,31.829660176512004,-110.62111799979454,320981,14473.005000000005,9.295,true
857,32.23793539554945,-110.94782089426234,914763,1684.941,0.766,true
859,34.257042147734104,-109.9344834924979,79880,5978.603,14.635000000000003,true
860,35.620536414670866,-111.33526695961437,185306,17732.904,41.982000000000006,true
863,34.65827966905335,-112.26338447752624,233657,7064.3,1.3790000000000002,true
864,35.00094443955042,-114.22155078752832,208463,9490.66,116.39899999999999,true
865,36.02534887398582,-109.52323545662193,56573,7986.008,7.975,true
870,35.02533054252245,-106.73891134036884,197966,10499.665999999997,9.263000000000002,true
871,35.12781883965359,-106.65834180093636,761757,851.444,5.506,true
873,35.514693963430396,-108.66274654290304,73531,4896.527999999998,4.2620000000000005,true
874,36.72231570112317,-108.2148890903649,117791,3927.0300000000007,23.333,true
875,35.85648415810281,-105.96906203324485,242823,6493.324999999998,23.157000000000004,true
877,35.95860001964737,-104.86675478692905,37715,8364.509,16.48,true
878,33.96119724844507,-107.40638979984514,17364,8213.046999999999,5.22,true
879,32.98370595678398,-107.1568290751479,16082,3452.9409999999993,57.26800000000001,true
880,32.29791309299874,-107.01612771727841,284649,14264.433,17.214999999999996,true
881,34.39551306564504,-103.31137911867064,69693,8000.678000000001,22.833999999999996,true
882,32.872228878959575,-103.96906732111627,201726,13155.194999999998,31.380999999999997,true
883,33.008013697434514,-105.87028321962579,77256,9651.202000000001,5.1770000000000005,true
884,35.401480738709665,-103.88487668990817,16740,10031.764999999998,29.752,true
890,36.1653002664258,-115.11467131974257,708276,13453.023999999998,148.187,true
891,36.14277431773123,-115.19709875867808,1613587,1811.592,0.059,true
893,39.48546145827493,-115.04289794248234,10701,6780.750999999999,2.686,true
894,39.5116574464036,-119.34790937778462,323324,16389.931000000004,86.56200000000003,true
895,39.52896786599946,-119.81250166530513,318842,1131.391,14.940999999999997,true
897,39.164382815514045,-119.752091214097,70130,213.215,9.992999999999999,true
898,40.915782768708276,-115.6789253995081,59626,9349.642,17.413999999999998,true
900,34.03607467167543,-118.29847887684114,2446649,218.47799999999992,1.301,true
902,33.929226683916916,-118.29504566009463,1245296,294.932,19.055,true
903,33.953318247594126,-118.35002716422154,131449,10.588999999999999,0.03,true
904,34.023306848517784,-118.48363632516855,95701,8.961,0.566,true
905,33.83594816917842,-118.3320521817725,177499,23.608999999999998,0.052,true
906,33.92449281693608,-118.03680769497244,734503,109.141,0.9450000000000002,true
907,33.822451785871756,-118.18484589486695,631374,167.32500000000002,229.11700000000002,true
908,33.806888894620734,-118.16907840042313,476403,54.54900000000001,12.962999999999997,true
910,34.17896775794884,-118.11076603174936,288910,114.05799999999999,0.4000000000000001,true
911,34.152874638865086,-118.12832179493586,166885,28.967,0.133,true
912,34.17077825092945,-118.24970921435909,208457,33.24,0.13699999999999998,true
913,34.269676376465156,-118.55819446996136,1418782,779.177,4.279,true
914,34.18879648163011,-118.45473828746532,316469,33.544,0.197,true
915,34.18715445497217,-118.3220255236135,111209,21.168999999999997,0.044,true
916,34.175592794866986,-118.38924368886711,218858,21.175,0.15600000000000003,true
917,34.06917901381057,-117.81840177531816,1981670,627.16,4.6979999999999995,true
918,34.08519797478415,-118.13419879843724,83043,7.584,0.001,true
919,32.67241155747339,-117.00337575280558,586193,795.4029999999998,6.544999999999998,true
920,33.07889629676731,-117.12617673717416,1329759,3081.3790000000004,21.541999999999998,true
921,32.790266507230655,-117.12185676051043,1376155,334.40399999999994,19.889000000000003,true
922,33.60860090146694,-116.1616371911201,811413,8360.835999999998,19.807,true
923,34.27030620611908,-117.28316962136269,1208418,7843.520999999997,27.529000000000003,true
924,34.16198830187292,-117.30201870844391,258420,142.42200000000003,0.501,true
925,33.77802462590077,-117.2283274653877,1525360,1773.3689999999997,18.622999999999994,true
926,33.63160160152646,-117.79012350630589,1420403,492.63300000000004,15.673,true
927,33.735055220950684,-117.87220049690987,477722,55.971000000000004,0.115,true
928,33.844471701674735,-117.81953429822947,1287065,328.15000000000003,2.053,true
930,34.26930307952784,-119.06973937964932,707903,1331.3349999999996,20.36,true
931,34.4582620716422,-119.83095446241524,192247,364.66999999999996,3.4770000000000003,true
932,36.02661292373631,-119.3258639712184,805075,7574.1089999999995,34.977999999999994,true
933,35.34073228469619,-119.011847593197,586945,1027.737,3.1690000000000005,true
934,35.10715238402683,-120.5353461744101,522401,4578.282999999999,53.231,true
935,34.886618025432504,-118.13317094495517,567030,6983.082,106.305,true
936,36.826837376998284,-119.84829169454777,635857,6625.447,65.584,true
937,36.77592902845316,-119.79274942070975,613359,387.4639999999999,1.583,true
939,36.59316086283304,-121.62665593484037,407846,1978.9579999999996,31.525,true
940,37.505080080755334,-122.25994602694287,874419,467.7099999999999,5.857999999999999,true
941,37.76064139804447,-122.43681128199484,873935,49.14999999999999,4.6129999999999995,true
943,37.43668699812138,-122.13563300490021,119769,24.481,0.194,true
944,37.55233165144103,-122.30361615920634,143508,18.144,0.732,true
945,37.86212208781909,-122.0193825798236,2508179,2536.822,91.077,true
946,37.79461559584954,-122.2233283548661,462600,60.90899999999999,5.129,true
947,37.875711028397156,-122.27318662319267,152304,16.899,2.276,true
948,37.95171899304977,-122.3389946782706,184598,40.533,10.359,true
949,38.090950313775465,-122.5969180949179,395442,735.1900000000003,42.522999999999996,true
950,37.14694887330039,-121.85711545147984,892631,2305.2879999999996,9.661000000000001,true
951,37.31082516590197,-121.85750743942029,1034394,428.4969999999999,1.5509999999999997,true
952,38.027970609969195,-121.24583678674058,540324,2139.0150000000003,52.656,true
953,37.610978813452,-120.93377314152683,1129334,5473.046999999999,88.49799999999996,true
954,38.67964143050381,-122.85627673647204,514316,4823.848,67.72099999999999,true
955,40.93082785836266,-124.05914801265276,167124,4182.179,57.698999999999984,true
956,38.6279512960587,-121.3564159042871,1259936,4005.7660000000005,48.85699999999999,true
957,38.64467815252431,-121.29593614800596,382680,899.2189999999999,16.221999999999998,true
958,38.571639531280795,-121.43465823833697,898858,216.37500000000006,3.865,true
959,39.39990670173647,-121.6075454460611,526179,5956.2789999999995,83.988,true
960,40.63143545675375,-122.35754499363796,308547,11504.835000000001,129.23099999999997,true
961,39.7190962858316,-120.32565319235422,114466,5807.541,184.68699999999998,true
970,45.43629802181479,-122.57691199578151,855795,4932.201,73.10000000000001,true
971,45.50025137035724,-123.1864681960778,355473,2103.84,67.639,true
972,45.509479143187654,-122.65467441603549,940940,263.95200000000006,32.178000000000004,true
973,44.80404589599737,-123.11619452873143,662714,3901.6519999999996,36.420999999999985,true
974,43.74050481095104,-123.33162852114557,594227,8146.491999999998,159.31400000000005,true
975,42.36509478514328,-122.99206961492041,309853,3073.56,18.307000000000002,true
976,42.29924963528064,-121.65019863545011,74205,6001.4,316.7759999999999,true
977,44.11733792267275,-121.11175478553294,259417,12441.426999999996,148.26700000000002,true
978,45.51476459412349,-118.67285812494923,152029,15234.759000000002,72.665,true
979,43.974337315589935,-117.19359721848372,32444,9512.468,47.257000000000005,true
980,47.56664415829192,-122.1640764613586,1590953,2052.9539999999997,69.52199999999998,true
981,47.60811767822163,-122.32985747080129,1017427,171.23600000000005,38.927,true
982,48.276060106314716,-122.27464310473025,984003,5441.897000000002,369.4389999999999,true
983,47.40388078387892,-122.55590500909827,818134,5243.77,282.3739999999999,true
984,47.201120523281794,-122.47503449172521,450094,160.548,12.763,true
985,46.976413362993846,-123.0227938308864,534122,5358.612999999999,355.76099999999997,true
986,45.79303854394402,-122.5821083515728,665335,3831.0029999999997,195.88,true
988,47.58453225684846,-119.88881692846117,241952,10324.041000000001,186.32,true
989,46.62157903853757,-120.44870408273214,301472,5330.967000000002,55.172999999999995,true
990,47.679930988072876,-117.37250533278703,168691,2223.1230000000005,26.286,true
991,47.67730602997999,-117.7094179961757,121014,11778.041999999998,232.13800000000003,true
992,47.68466674659451,-117.37396469010291,385114,336.76399999999995,1.33,true
993,46.292889714558264,-119.04372710713143,404636,7537.072,155.38199999999998,true
994,46.35930199901451,-117.29474527473987,22324,664.871,4.416,true
