ZCTA3,LON,LAT,POP,ALAND,AWATER,ISCUS
9,-66.09182840316511,18.38238143046774,1002398,241.09400000000002,16.867,false
10,-72.57315772581423,42.2125312208976,472839,1276.1299999999999,38.492000000000004,true
11,-72.5504450294265,42.106353169527246,171760,40.946,1.7160000000000002,true
12,-73.22862252605069,42.45620431273305,128186,902.0539999999999,16.827000000000005,true
13,-72.48821472412067,42.588960974466644,82872,786.4280000000001,27.535,true
14,-71.78238481505123,42.580051690321746,224307,474.26800000000003,14.954,true
15,-71.79738245715627,42.21579235296892,398528,796.7010000000001,34.589,true
16,-71.81000229202773,42.26792048095287,214258,56.688,2.064,true
17,-71.45393249394333,42.32804608807671,412856,377.368,14.443999999999999,true
18,-71.20405743472546,42.63585385489237,779194,393.493,16.015000000000004,true
19,-70.9079510759053,42.5725356064654,510471,343.0310000000001,54.709,true
20,-71.15066747376531,42.14761971112981,427635,386.26699999999994,25.638,true
21,-71.06823388437117,42.34018477258765,1414778,152.94299999999998,15.389000000000001,true
22,-71.09175115319097,42.34770666772539,32744,1.874,0.635,true
23,-70.9087436819993,42.02951526184863,475561,514.1839999999999,49.85600000000001,true
24,-71.2032370860895,42.360562263409804,438951,107.496,3.7489999999999997,true
25,-70.53963981351679,41.60304024228218,127562,307.062,125.76899999999996,true
26,-70.22834527776787,41.704394876400194,159709,265.789,59.48499999999999,true
27,-71.09977170737237,41.77467234989895,557621,583.5949999999999,51.499,true
28,-71.46191214978535,41.71670750175055,698642,924.9100000000002,119.12200000000003,true
29,-71.43760137257526,41.81629327796584,398808,108.72200000000001,9.134,true
30,-71.43750212406485,42.84035547204647,401291,901.5619999999998,18.279999999999998,true
31,-71.46417952969091,42.989452597587544,158345,103.39,3.2190000000000003,true
32,-71.59574475532204,43.43822859151441,196592,2304.8259999999996,111.761,true
33,-71.57244232016815,43.25232299946623,63697,192.155,5.423,true
34,-72.20879973125875,42.899211566171395,83722,763.9709999999999,23.438000000000002,true
35,-71.46700350917334,44.47051638200175,44471,2444.9970000000003,62.447,true
36,-72.3575582983325,43.18139024374667,13153,204.451,4.882,true
37,-72.17714755488106,43.604125145307734,78640,840.198,23.262999999999998,true
38,-70.9868540758087,43.19683724382899,337708,1524.8570000000004,97.03600000000003,true
39,-70.73688757000426,43.20081001558629,52482,204.039,27.409,true
40,-70.46275717093953,43.68032395928088,363613,1928.9289999999999,274.44100000000003,true
41,-70.27688217593986,43.665991466397095,118710,79.33699999999999,32.333,true
42,-70.28298963369647,44.19791533303604,179398,2125.3109999999997,78.19300000000001,true
43,-69.77093294257139,44.29353325219136,83738,727.1519999999999,55.185,true
44,-68.81138788135992,44.96954748512852,174327,6616.170000000002,523.499,true
45,-69.62142657819778,43.963826266068004,49555,483.5020000000001,135.54200000000003,true
46,-68.01494742824319,44.62048214161003,73427,2686.910000000001,967.094,true
47,-68.12812339386697,46.70319537998961,67315,4544.911,145.70600000000002,true
48,-69.13519421312186,44.164397022555654,40788,357.097,172.14700000000002,true
49,-69.60266330869851,44.68730446876573,158864,5037.996000000002,268.25499999999994,true
50,-72.41876017926016,43.80227781742832,62737,1244.4890000000003,9.902000000000003,true
51,-72.57372887730989,43.27733146209705,29470,493.64099999999996,4.313999999999999,true
52,-73.13049028100794,42.96853645219856,33158,449.866,1.602,true
53,-72.70421712736413,42.905905615797614,39487,779.1590000000001,12.038999999999998,true
54,-73.12221786922562,44.54127257611513,248157,1671.5419999999997,283.55800000000005,true
56,-72.59810844879134,44.31532257466157,86872,1168.7120000000002,12.889000000000001,true
57,-73.05248362079179,43.69308781698501,82037,1499.9160000000002,27.37100000000001,true
58,-72.12446565235248,44.66909154835919,57807,1506.0669999999996,39.20699999999999,true
59,-71.67128031926424,44.689094341288786,3352,403.86,7.053,true
60,-72.70541920025012,41.80474777434382,678776,1162.3079999999998,27.330000000000002,true
61,-72.69119421327997,41.74929755861381,294103,82.60700000000001,2.6719999999999997,true
62,-72.12826943759175,41.79652015148476,163528,664.6549999999999,11.828,true
63,-72.05844794341735,41.45471976828611,263260,628.6709999999999,48.955999999999996,true
64,-72.84438627680127,41.4243728960712,713652,1014.8250000000002,49.496,true
65,-72.92731244676874,41.3222216816224,292753,113.428,6.3950000000000005,true
66,-73.18847325674741,41.20619553899308,245441,84.207,7.286999999999999,true
67,-73.11512733062985,41.61181629655167,333264,691.0240000000003,16.082,true
68,-73.43949918135894,41.21862481965803,486315,368.383,33.31200000000001,true
69,-73.54329215398567,41.075514850991325,135274,36.312,3.1369999999999996,true
70,-74.19706480837104,40.755332680043885,1823422,349.2060000000001,20.682000000000002,true
71,-74.18665765356747,40.746648859681216,441288,33.741,1.86,true
72,-74.21686273567386,40.6645548359964,196453,18.945,1.348,true
73,-74.06140669174339,40.721416077639454,292390,14.745000000000001,6.285,true
74,-74.25700613233336,41.0147211082755,466135,474.15299999999996,21.695999999999998,true
75,-74.16855738206058,40.92312914289047,214339,20.721000000000004,0.47,true
76,-74.02074107070169,40.91970908455829,513421,114.43599999999999,8.862,true
77,-74.14822259242902,40.301040823324584,614013,379.1000000000001,18.529000000000003,true
78,-74.70795745607593,40.914264893110335,363225,841.8420000000001,28.557000000000006,true
79,-74.47968130574884,40.74823411615037,268514,245.66799999999998,3.137,true
80,-74.94457980006177,39.83592226871863,1206258,1542.0970000000002,113.21500000000003,true
81,-75.08264836803761,39.93529428214625,154707,26.126,3.3680000000000003,true
82,-74.64453981198545,39.300947964981724,253639,546.321,83.045,true
83,-75.03949458426132,39.46566310625201,239299,855.5160000000001,28.408000000000005,true
84,-74.46331715030071,39.36528225916046,53982,16.171000000000003,11.865,true
85,-74.59574001927457,40.25566924201074,327440,601.1170000000002,9.525999999999998,true
86,-74.71796722679733,40.22002659165312,282309,122.43,2.415,true
87,-74.18540487990187,40.01411979586403,505129,336.15199999999993,47.61000000000001,true
88,-74.52237618854033,40.512766535993364,958385,753.0999999999999,17.524000000000008,true
89,-74.45896791233724,40.46998507101861,114646,21.258000000000003,0.861,true
100,-73.96797508092533,40.77625294481096,1603996,21.354000000000006,0.223,true
101,-73.95040546227246,40.78099010418704,66467,0.6240000000000001,0.0,true
102,-74.01584372394176,40.71234102479777,15082,0.197,0.0,true
103,-74.14332318014463,40.5872712653773,495747,55.63099999999999,0.79,true
104,-73.88207244851822,40.84997951675107,1477398,41.223,0.268,true
105,-73.77765021273513,41.14140155997712,674924,575.42,30.285,true
106,-73.76744500367928,41.03565280919424,85249,19.762999999999998,1.3179999999999996,true
107,-73.86536453971573,40.943830866472005,244533,23.859,0.538,true
108,-73.782862299669,40.91316934040477,89138,11.626,2.609,true
109,-74.14185886022767,41.230433048405914,587325,668.2870000000003,15.715999999999998,true
110,-73.7025777129223,40.74920534738984,258931,42.695,3.3659999999999997,true
111,-73.92507832756664,40.76080118576499,239227,6.954000000000001,0.10700000000000001,true
112,-73.95427042903161,40.65063435679065,2735593,68.135,1.797,true
113,-73.84822550740884,40.74433563383572,1232668,47.72500000000001,0.42099999999999993,true
114,-73.79350865510793,40.69331301814724,791140,41.73300000000001,0.529,true
115,-73.62858539276189,40.69562769852332,755614,133.12800000000001,6.452999999999999,true
116,-73.79186170823012,40.59370697595117,124164,8.482,0.198,true
117,-73.26625186249105,40.78734807367197,1577357,543.6389999999999,80.135,true
118,-73.49999949926301,40.76964958785156,76800,15.656,0.028,true
119,-72.63539417591636,40.89560608191905,275052,442.567,135.02499999999995,true
120,-73.93837272464341,42.80995857760436,338164,1905.4990000000005,36.183,true
121,-73.77803848910148,42.72109563797014,283054,2208.0850000000005,52.30699999999999,true
122,-73.79982992677567,42.67848001549976,155680,51.90699999999999,0.975,true
123,-73.94080166698274,42.803695988718005,167169,131.586,2.997,true
124,-74.1150099876153,42.02880781304476,152475,1489.4800000000002,19.291000000000004,true
125,-73.9260217398323,41.66662621681568,450318,1575.388,30.831000000000007,true
126,-73.88842979032997,41.692260274032705,87745,50.32899999999999,0.46299999999999997,true
127,-74.68218485159464,41.64535856180921,99977,1310.7479999999998,33.39,true
128,-73.66715431618674,43.29259137870532,228827,3503.169,161.67300000000003,true
129,-73.81840470032313,44.61734974869437,155480,4008.038000000001,117.33500000000001,true
130,-76.21710695605911,43.03149010341399,385180,1877.835,32.111999999999995,true
131,-76.36244549358739,43.13962781472879,174366,1447.9099999999999,35.88200000000001,true
132,-76.1517664757295,43.05094946168597,233100,100.38900000000001,3.107,true
133,-75.20239392811028,43.13806301206063,137555,3234.8729999999996,67.93700000000001,true
134,-75.34369600090923,43.099920766276384,177389,2054.09,42.339,true
135,-75.19356216105577,43.10851177048414,74875,60.268,0.479,true
136,-75.52634180539836,44.31669786321509,233169,3734.040000000001,184.35699999999997,true
137,-75.82882043372565,42.181610752587424,132661,1544.2780000000005,19.614,true
138,-75.632593962552,42.30462838463448,132921,1689.72,19.815000000000005,true
139,-75.90331263902745,42.134255869267164,82856,115.158,1.6829999999999998,true
140,-78.7154311951286,42.87027622816979,446606,1871.025,21.663000000000004,true
141,-78.77503042031456,42.9543997142299,197078,851.8670000000002,16.021,true
142,-78.81299716530549,42.9211841431122,592039,153.767,3.100999999999999,true
143,-78.99334535726895,43.10602414274336,64031,34.171,1.82,true
144,-77.58568653441725,43.010888356689264,305190,1641.8629999999998,16.441000000000003,true
145,-77.45055723844915,43.04117642180451,328446,1711.618,19.346,true
146,-77.62938184530857,43.17298617440788,481148,160.74699999999999,6.210000000000001,true
147,-78.92896878962884,42.15985522604371,171166,2378.9329999999995,29.921,true
148,-76.96800996280447,42.30609191329585,279606,3107.0660000000003,23.453,true
149,-76.80366587039477,42.08197372170561,45919,65.007,1.965,true
150,-80.06720075842827,40.51224966463715,455283,903.058,16.243,true
151,-79.971753839253,40.43539995430519,368554,255.28900000000002,4.447,true
152,-79.97242448364163,40.441719542898014,696291,207.553,5.5710000000000015,true
153,-80.17602890928865,40.13888148782565,186704,1198.0550000000003,3.519,true
154,-79.73027228538085,39.94684192435001,135466,879.0230000000001,11.278,true
155,-78.84623010654217,39.97762871737458,85792,1575.6329999999996,5.452000000000002,true
156,-79.55686442252659,40.342201949158415,302882,959.0179999999996,6.326,true
157,-79.06413911068674,40.680990486130455,106204,1128.9920000000009,8.407999999999998,true
158,-78.74208495155501,41.26148004531657,87959,1827.2489999999996,11.76,true
159,-78.853251273456,40.34135871322867,135418,768.4189999999999,6.5889999999999995,true
160,-79.96445376525921,40.83552138173943,204320,932.423,9.990999999999998,true
161,-80.32931723818692,41.13555267311649,211375,1149.3999999999996,20.39,true
162,-79.42444999335399,40.975997324897186,83648,1203.4370000000001,15.025999999999998,true
163,-79.7084885776933,41.591769075788335,139916,2038.8439999999996,24.296000000000003,true
164,-80.05664355805035,41.927232707645025,124944,1418.2399999999996,27.587,true
165,-80.065313375805,42.10254931106238,180594,117.622,15.111999999999998,true
166,-78.33816652158522,40.50390709528227,199397,1743.4550000000004,20.088999999999995,true
167,-78.56567804404017,41.83028478879071,45159,1477.467,11.172000000000002,true
168,-77.93601030904206,40.87864892420538,200001,1840.7009999999998,10.585,true
169,-77.26320275535795,41.81701110524318,63263,1999.387,4.683999999999999,true
170,-76.90476171686844,40.31272464050415,652422,2600.2970000000005,42.11800000000001,true
171,-76.82570666128099,40.298046501848155,180991,120.65199999999999,9.089,true
172,-77.66727613839319,39.93868824901187,211259,1606.8030000000003,2.568999999999999,true
173,-76.87802345345935,39.88734834041012,349217,1225.529,8.232,true
174,-76.71847424773063,39.96178178315453,184002,139.49,0.935,true
175,-76.26247297587729,40.086825972860865,344963,798.143,38.36899999999998,true
176,-76.2998573030769,40.03985367367567,176297,88.11,1.049,true
177,-77.02189069311851,41.27843470394725,165305,2379.1590000000006,25.678,true
178,-76.7438600679553,40.9140356017293,231192,1651.9139999999995,27.180000000000003,true
179,-76.25957460918306,40.687833830400784,120714,687.397,3.3729999999999993,true
180,-75.4131165297832,40.647444770221654,562664,808.4520000000002,10.580000000000002,true
181,-75.49824594053852,40.59967185841624,178714,59.619,0.747,true
182,-75.89057817286304,40.916942410701566,144577,592.0099999999999,7.651,true
183,-75.19436118316686,41.07676080806681,178187,759.334,15.600000000000003,true
184,-75.46702290871453,41.47838170631683,198343,1646.866,47.946,true
185,-75.66310608769389,41.4135751208038,119334,62.611999999999995,0.39999999999999997,true
186,-75.97646460484626,41.28159662761003,170257,1368.161,23.591999999999995,true
187,-75.85635652547107,41.236652486954746,136908,187.72699999999998,3.649,true
188,-76.19203172827429,41.850134470910696,72604,1392.6970000000001,18.281,true
189,-75.14281910222923,40.30901839757646,381426,485.34799999999996,7.801999999999999,true
190,-75.18781018013969,40.03296379615734,1163515,387.76,15.207000000000004,true
191,-75.13990509448296,40.00299658249546,1604167,138.16,9.625999999999998,true
193,-75.69927833123776,39.95020167847408,459372,648.9359999999998,6.517,true
194,-75.41688300331343,40.18106200076382,552487,365.415,4.786,true
195,-75.854443090783,40.38242680526815,223949,798.3939999999996,8.579,true
196,-75.93721625493474,40.34093848392334,226664,101.47200000000001,1.2500000000000002,true
197,-75.6767793489597,39.62717850866695,346604,317.59800000000007,16.876,true
198,-75.57524370054607,39.75855477215898,219956,81.50900000000001,3.1959999999999997,true
199,-75.43336833061093,38.868069979245234,423710,1553.9930000000002,74.313,true
200,-77.01559573152643,38.90989866994449,688669,59.24900000000001,6.981,true
201,-77.51024517187997,38.91595753091986,1014526,1374.118,14.688,true
203,-77.00711844149444,38.868870914507774,772,1.029,0.24,true
204,-77.01306762411761,38.91970001666667,60,0.16400000000000003,0.0,true
205,-77.02714314259336,38.90426304545454,44,0.49300000000000005,0.002,true
206,-76.76358428093431,38.48180223104042,374705,1093.01,166.89299999999994,true
207,-76.8611889059792,38.92354954417634,1076085,580.512,17.918999999999997,true
208,-77.17699843735156,39.105344745641275,740010,442.375,13.973000000000004,true
209,-77.01866924732111,39.04693593593034,332638,61.845,0.28500000000000003,true
210,-76.5971877805874,39.32130241512588,800998,748.4950000000001,31.077999999999996,true
211,-76.70726770576314,39.31530786695415,488155,699.2209999999999,26.86,true
212,-76.60012319540634,39.32088021894447,1197806,274.08000000000004,33.458000000000006,true
214,-76.50621898102658,38.97933203806989,92803,46.098000000000006,13.427,true
215,-78.96604928983938,39.593186660860624,96279,1030.3410000000001,13.516,true
216,-76.04316970014658,38.874060221173515,170685,1666.3999999999992,272.27500000000003,true
217,-77.43557411406421,39.48838097811606,520930,1430.45,19.645000000000003,true
218,-75.52052558931423,38.3008226136029,182064,1224.954,116.58600000000001,true
219,-75.9428679674505,39.6112763885044,103744,346.38,30.253000000000004,true
220,-77.25992131221125,38.813479593748234,512943,190.93200000000002,11.876999999999999,true
221,-77.2751066499831,38.75458148795543,492670,208.10299999999998,8.796000000000001,true
222,-77.09944126755836,38.87534173800223,239357,26.048,0.106,true
223,-77.102336816877,38.788944348522776,350792,56.242999999999995,2.852,true
224,-77.36409155256953,38.251609255453104,244906,1052.6939999999997,66.557,true
225,-77.401440288253,38.250959536159094,211648,1401.3830000000003,130.202,true
226,-78.22621016164392,39.08029890367839,203703,1193.0900000000001,10.112,true
227,-77.98534141938437,38.47137853810263,87015,1004.5770000000001,5.794999999999999,true
228,-78.80390874288426,38.51178240844932,173505,1490.1970000000003,8.663000000000002,true
229,-78.55156015357036,38.05177028635424,276577,1808.719,12.376,true
230,-77.38591144544962,37.639004825017714,244219,2274.688,186.28899999999996,true
231,-77.2980950635213,37.49496663455771,409761,1672.8140000000005,131.16799999999998,true
232,-77.48851210776081,37.540491638453325,586082,309.024,12.653,true
233,-76.25746876158455,36.81040842104857,284751,658.8290000000001,122.648,true
234,-76.18046367978721,36.85140307339797,600003,1137.172,191.524,true
235,-76.26372994159753,36.89590516830335,237981,53.274,12.976,true
236,-76.44144988474304,37.08266149948763,392298,197.429,103.82000000000001,true
237,-76.34887591916032,36.840211200631764,97821,33.275999999999996,13.381,true
238,-77.41268383959128,37.16506565053707,359546,3412.4870000000005,76.067,true
239,-78.359897526463,37.04999581136245,101369,2541.6139999999996,61.62400000000002,true
240,-80.10264997442067,37.19462858196196,364718,1986.0650000000003,16.019,true
241,-80.06276154572922,37.08235627215408,226324,2373.285,48.056999999999995,true
242,-82.41543140659924,36.81119610595514,180416,2582.275,16.877,true
243,-81.1316583077344,36.83166609318282,147055,2618.4549999999995,16.815,true
244,-79.30306676381753,38.01155487036606,146312,2763.464,15.555000000000003,true
245,-79.21396191471108,37.151423461839926,382232,3949.3980000000006,39.716,true
246,-81.74272176250226,37.177039783526396,63107,1021.2270000000001,2.741,true
247,-81.13034512424406,37.368959789240584,58479,398.96400000000006,1.457,true
248,-81.64101698757159,37.51257730393714,34619,874.9399999999999,3.385999999999999,true
249,-80.44863065812082,37.822665033004434,49357,2089.7210000000005,8.046,true
250,-81.56716855818662,38.32466149492476,61278,1055.8690000000001,8.108,true
251,-81.7156039376893,38.34249726786407,69651,939.5499999999998,8.924999999999999,true
252,-81.62810458843768,38.705981445514375,55143,1327.5209999999997,9.738000000000001,true
253,-81.64610299678029,38.361203664211835,111481,331.26899999999995,3.363,true
254,-77.9725722534869,39.419530074676636,199701,869.4299999999998,4.061,true
255,-82.15298319720033,38.35098192462136,137864,1505.0539999999999,19.151,true
256,-82.06848660667812,37.76330736064149,46018,754.0210000000001,2.109,true
257,-82.40243415563955,38.37736252360282,71644,93.442,3.448,true
258,-81.21334771784427,37.82900512136349,81878,702.4489999999997,4.289999999999999,true
259,-81.0117739587999,37.82952374444316,43325,897.04,9.910000000000002,true
260,-80.62497288857169,40.17188498342899,125098,601.2669999999999,19.164,true
261,-81.4047417984284,39.2698388373551,126810,1394.1049999999996,29.712,true
262,-80.06260637920822,38.83656014418742,80756,2839.95,7.104999999999999,true
263,-80.37001926702816,39.247357886952635,85274,1215.0750000000003,7.768000000000001,true
264,-80.3715701697196,39.228898740436655,54322,1307.0520000000001,5.116999999999999,true
265,-79.99807393014463,39.57938404825334,186785,1056.51,10.011,true
266,-80.83055552327481,38.4132401827447,29730,1001.668,11.753000000000002,true
267,-78.90963177274818,39.38662018629457,52782,1110.5359999999998,7.294,true
268,-79.02954348825854,38.962431402681794,31397,1667.9309999999998,4.893000000000001,true
270,-80.43621142380464,36.21161098751895,292123,1941.3410000000008,19.409000000000002,true
271,-80.26636136596653,36.08411345564524,272203,201.706,1.566,true
272,-79.79376359343865,35.973385696385485,621548,2323.6,36.469,true
273,-79.58675962097287,35.8556774500021,404727,2577.921,43.44599999999999,true
274,-79.8205573728154,36.075669267914066,334723,230.38199999999995,4.168,true
275,-78.64153923077833,35.79397037807125,1296827,4220.2699999999995,81.19899999999996,true
276,-78.63679984314469,35.82133060152165,559915,294.54800000000006,4.958,true
277,-78.90093991180329,35.98025396784755,306633,233.90500000000003,12.684000000000001,true
278,-77.5604523227825,35.83001091402139,518315,5773.893000000001,356.4039999999999,true
279,-76.2912376829553,36.171796125113666,195742,3242.1090000000004,518.903,true
280,-80.92307001852124,35.36227449884482,773479,1770.7240000000002,41.601,true
281,-80.78551478242716,35.28479274813415,656540,2527.372,56.07999999999999,true
282,-80.8172261002349,35.20725799782761,955169,403.25900000000007,8.019,true
283,-78.99378841957133,35.00454549703182,836202,4976.539999999998,35.99,true
284,-78.04193243974179,34.25426978706484,526766,3962.5119999999984,115.13799999999999,true
285,-77.28800330955117,34.98653491504948,507107,3633.424999999999,481.962,true
286,-81.32715125471998,35.92586882374528,635132,4087.509,38.995999999999995,true
287,-82.65948763763582,35.4823391110154,570020,5389.814000000002,51.229,true
288,-82.5577841741627,35.58217640726566,136395,136.768,1.436,true
289,-83.97365321729615,35.09964382011193,39847,666.655,16.933999999999997,true
290,-81.00018173709594,34.02164303233875,462912,4151.609,117.265,true
291,-80.81525112628262,33.872833089857885,356474,4090.044,154.573,true
292,-80.99818174223816,34.05379330799477,344350,295.534,14.331,true
293,-81.93692911957177,34.90569995175094,431511,2094.69,24.903000000000006,true
294,-80.04672831843696,32.94259977793735,865517,4006.2559999999994,312.586,true
295,-79.29554950514894,33.9648231725239,702152,5091.647,46.925999999999995,true
296,-82.4666303614589,34.72177078352437,1068111,3661.7879999999996,144.333,true
297,-80.98866565571598,34.93077179808209,426193,1891.0810000000001,25.218000000000004,true
298,-81.77252373809382,33.523153911539076,224472,2430.4149999999995,54.592000000000006,true
299,-80.8229660149178,32.36447148943325,236733,2008.8590000000002,197.42000000000002,true
300,-84.17986406092655,33.91325505573427,2514378,1656.5680000000002,31.542999999999992,true
301,-84.76926233524529,33.98989862988166,1327905,3528.4990000000007,46.26200000000001,true
302,-84.42724206082119,33.41048428470803,1133210,3283.4980000000005,80.20499999999997,true
303,-84.39483794872838,33.79535100108366,1043682,355.478,3.7489999999999997,true
304,-82.05323670216751,32.3985481881364,230790,4904.742,78.29499999999997,true
305,-83.82299006841052,34.38670797601413,716672,4155.787,104.542,true
306,-83.38358355054541,33.92778213441993,430829,3328.643,99.11999999999998,true
307,-85.07988346042244,34.7582793836213,371739,2020.1069999999997,6.366999999999999,true
308,-82.22728925250331,33.42573799267979,221032,2024.596,72.96699999999998,true
309,-82.03567210571731,33.44449504250796,206032,183.142,4.164,true
310,-83.48184788640994,32.63752266663353,543111,8517.762999999995,113.70800000000003,true
312,-83.67248612073907,32.84651988318197,167808,349.881,5.913,true
313,-81.41148520145849,32.00164536003466,238927,1952.6409999999998,91.10300000000001,true
314,-81.13269160194322,32.03412260085542,260224,262.35100000000006,18.678,true
315,-82.03537001266095,31.291516520443675,344043,5297.009999999999,136.88100000000003,true
316,-83.27174491717471,30.942270058286578,199600,3026.666999999999,37.065999999999995,true
317,-83.91689365401348,31.451163054936867,365019,4756.886000000001,73.315,true
318,-84.7835536806884,32.595819024865534,89240,2291.4170000000004,22.45,true
319,-84.93463780017053,32.492335472048076,200022,182.43199999999996,4.91,true
320,-81.90109728193275,30.13662563099405,707910,4671.582,150.818,true
321,-81.34282850769543,29.226459020673428,654028,2350.116,228.15099999999998,true
322,-81.61981552106663,30.284749856902156,1056445,899.2500000000001,113.08199999999998,true
323,-84.25595041100398,30.418065176672823,442411,4287.061,340.42599999999993,true
324,-85.65755774795188,30.417686650128474,360015,4259.508,322.81899999999996,true
325,-86.99871892592684,30.53189881716424,732220,2295.976,140.144,true
326,-82.43451378510096,29.63650681262359,391394,2944.998999999999,193.06499999999997,true
327,-81.32321292613312,28.7569379753607,1066223,1639.458,172.966,true
328,-81.34576822379488,28.50535533195519,1066412,490.98,38.90599999999999,true
329,-80.64262679626924,28.055392580115946,694637,1248.0339999999999,194.88,true
330,-80.32380741557985,25.929813508519235,1789891,1673.374,604.175,true
331,-80.29467745013451,25.767731718514398,2030960,633.567,65.09200000000001,true
333,-80.23594599632919,26.1382731900574,846439,356.545,10.905999999999999,true
334,-80.16173318641292,26.61250467533096,1606670,2471.5910000000003,62.044000000000025,true
335,-82.29598112902295,28.01232583684493,889338,1588.7329999999995,72.38699999999997,true
336,-82.46827375206688,28.01725394715227,814472,246.64500000000004,21.448999999999998,true
337,-82.72524367141867,27.85536207507598,765025,189.358,58.94,true
338,-81.74878828388394,27.9549746442454,822151,3171.2549999999997,305.724,true
339,-81.88513248637184,26.666338907533504,892745,2151.674,262.55199999999996,true
341,-81.68376022553149,26.211452444092487,436283,2420.769,103.389,true
342,-82.42690355824061,27.32172783662461,886639,1864.992,138.91799999999992,true
344,-82.25179336044874,29.038944951563316,488927,1487.6940000000002,142.28099999999998,true
346,-82.6306244423058,28.2838809332928,733564,820.4540000000001,73.363,true
347,-81.5555655503407,28.422474286725176,860200,1840.503,285.21899999999994,true
349,-80.39289559539388,27.279259870851757,503104,2135.0159999999996,109.252,true
350,-86.73596143016817,33.52335959291807,469618,3421.4910000000004,97.55200000000002,true
351,-86.60704362439489,33.53094267712772,344867,2660.2290000000007,57.58699999999999,true
352,-86.7770718544452,33.48978337370386,508432,347.90899999999993,4.254,true
354,-87.60790662545409,33.18570138974467,252337,3328.266000000001,58.311,true
355,-87.60080461517465,33.966716276686334,152447,3949.452,38.138,true
356,-87.29840349221573,34.68559720898228,391148,3094.2079999999996,171.086,true
357,-86.53845647762692,34.74666202157885,270589,1782.2710000000002,77.75799999999998,true
358,-86.58883033175694,34.71899705677028,210198,266.038,7.381000000000001,true
359,-85.99282612581722,34.217604599428626,288780,2467.963999999999,105.54999999999998,true
360,-86.15650068220306,32.27388674320211,299652,6209.598,80.65400000000002,true
361,-86.23743661328604,32.34645364772689,208767,314.6410000000001,9.562,true
362,-85.73568651374057,33.62359707516367,183147,2512.114,16.128,true
363,-85.56521008592145,31.274767914203903,245862,2636.52,12.245000000000003,true
364,-86.87264120009606,31.319435340307006,102146,4118.29,32.067,true
365,-87.91484861073252,30.673773321311813,409266,4357.27,167.807,true
366,-88.17964738266525,30.670575158949923,280818,277.957,9.078000000000003,true
367,-87.33005240417577,32.38792753642001,102073,4996.817000000002,67.50300000000004,true
368,-85.32790608873168,32.58507469384549,286473,2284.6749999999997,47.673,true
369,-88.24636162978746,32.14347038014322,17596,1228.472,8.540000000000001,true
370,-86.8375267938618,36.19565239585479,1082167,5112.6050000000005,75.785,true
371,-86.55124303271677,35.995111109383856,759518,3693.976,62.33200000000001,true
372,-86.7940318324919,36.13095981006117,486862,285.69800000000004,7.265,true
373,-85.27331853848918,35.27358032112192,610385,5286.759,113.63099999999999,true
374,-85.24495815107258,35.05174861659883,209822,222.37500000000003,11.572000000000001,true
376,-82.3734540868409,36.40022283260111,420863,1787.2179999999998,31.742,true
377,-83.84751889932753,36.05102792286591,356509,2877.216,100.07999999999998,true
378,-83.77252700827039,36.001720731470854,547948,4153.995000000001,140.75799999999998,true
379,-83.99622100830503,35.960487309908075,434474,386.019,16.733999999999998,true
380,-89.59844961630718,35.387555588477184,432134,4034.1700000000014,99.544,true
381,-89.9291865861697,35.11798518591266,722592,379.2920000000001,7.105999999999999,true
382,-88.69555799787477,36.30924919923881,112719,2017.2900000000004,59.75999999999999,true
383,-88.612320214685,35.62950450140851,289313,4131.971000000001,66.84100000000004,true
384,-87.21906615287836,35.41922606606318,190999,3136.1970000000006,7.081999999999998,true
385,-85.33730021960076,36.1368524110443,247168,3367.3299999999995,72.62999999999998,true
386,-89.78646350499494,34.68962345256416,423920,5229.684000000003,126.16199999999999,true
387,-90.82313359112986,33.53645035155892,104688,2607.105,83.53999999999998,true
388,-88.6506827756825,34.380556707424546,258952,3738.4260000000004,45.31699999999999,true
389,-89.89409006684149,33.745854502758455,104225,3503.7750000000005,81.94200000000004,true
390,-90.03309504431871,32.419554207235365,283745,5238.050000000001,79.905,true
391,-90.35916392019246,32.26105385731173,284221,5832.144000000001,111.70899999999997,true
392,-90.19110385114446,32.313587628697114,219597,277.034,3.566,true
393,-88.82618220837448,32.43890914058149,196050,5482.382,25.527999999999995,true
394,-89.31117674291245,31.246866744988406,378971,5750.442000000001,42.660999999999994,true
395,-88.97424962721546,30.456559537991268,410568,2098.4689999999996,54.29299999999999,true
396,-90.49794448076726,31.31742051638109,128105,3861.6730000000007,22.066,true
397,-88.69294296391668,33.517881303750265,168148,3036.6949999999993,31.20800000000001,true
398,-84.59742798608704,31.14737758161827,107770,3670.855,99.66600000000003,true
400,-85.37892134691053,38.13002003481467,273850,2255.886,35.80000000000002,true
401,-85.97342554823442,37.899494459636124,151757,1290.331,16.512,true
402,-85.68366541847476,38.19430336093052,772772,353.18500000000006,3.672999999999999,true
403,-84.33255129436317,38.03698145116321,357159,3537.1420000000007,43.18599999999999,true
404,-84.43127102975834,37.60947653219783,193336,1923.6999999999998,17.663000000000004,true
405,-84.47644049507704,38.019733045513426,323443,301.41200000000003,2.053,true
406,-84.86878599999999,38.234919,52133,217.628,4.035,true
407,-84.13484903607865,36.96509625035706,111325,971.874,17.686,true
408,-83.2450737062094,36.87259470754806,31995,698.434,3.482,true
409,-83.74621791217275,36.90306168984643,62382,1146.2410000000004,4.791,true
410,-84.51259685580614,38.90393440755356,522059,2639.279999999999,24.35299999999999,true
411,-82.88837335555027,38.41908352804779,133219,1748.5569999999998,8.927,true
412,-82.70865220296291,37.88916129592831,48211,767.7570000000001,7.409,true
413,-83.46868557597426,37.56982266471646,32817,1151.6759999999997,6.836000000000001,true
414,-83.17995020517226,37.837481980761964,23807,594.307,3.097,true
415,-82.43685623236763,37.46082881640854,61468,806.4120000000001,2.4299999999999997,true
416,-82.74078709158596,37.549151477072066,36244,453.77399999999994,2.1889999999999996,true
417,-83.20717549814805,37.25797604896087,39889,697.862,6.5920000000000005,true
418,-82.86074542078326,37.21306435166773,26653,428.13000000000005,1.122,true
420,-88.52926462379095,36.88728741188603,222547,3046.291000000001,120.70699999999998,true
421,-86.25658575927602,36.92900097745992,242324,2251.546,32.51,true
422,-87.23191096367503,36.872728596646745,155789,2586.0950000000003,40.810999999999986,true
423,-87.0822285683374,37.60540744390874,176507,1980.8560000000004,31.717999999999996,true
424,-87.6143515628411,37.5101216396669,130890,2079.326,31.479,true
425,-84.62234357820134,37.13920733332919,80473,1050.1189999999997,27.316,true
426,-84.84479330436896,36.82936841304799,62661,1268.85,59.111999999999995,true
427,-85.76011020841523,37.44828560604331,187480,2827.883,50.70800000000001,true
430,-82.90992736723689,40.13281991239903,899716,2584.8269999999998,33.901999999999994,true
431,-82.9309918025539,39.770336921567,445004,2303.7809999999995,14.179000000000002,true
432,-82.98759328622681,39.99735179957654,847765,226.1,4.898,true
433,-83.33224098686695,40.54671299539188,181202,1932.3249999999998,11.235000000000001,true
434,-83.30971299108927,41.4347424597102,161356,991.2589999999998,61.25500000000001,true
435,-83.99152695645809,41.51809279502363,305323,2045.772,15.857999999999999,true
436,-83.57895159401997,41.66537609736423,328632,146.581,8.517,true
437,-81.7824558413053,39.89149310342757,188209,2490.1619999999994,28.16300000000001,true
438,-81.87458727368596,40.25229429701701,65572,932.263,7.224,true
439,-80.77652736927215,40.30825399684974,167923,1400.1510000000007,16.656000000000002,true
440,-81.586641153808,41.517003690312244,866589,1907.1579999999997,39.80200000000001,true
441,-81.67250997554409,41.448653138104866,1199632,412.252,11.436000000000003,true
442,-81.56534884990447,41.14231644966663,575046,1217.2810000000002,20.81200000000001,true
443,-81.53189531867277,41.07046339748261,264004,142.574,3.114,true
444,-80.75613717806633,41.11208992826491,334871,1277.2859999999998,32.401,true
445,-80.672338967005,41.0685983561704,154836,101.642,3.3179999999999996,true
446,-81.51814222966367,40.73594121358217,456775,2170.4620000000004,19.459999999999997,true
447,-81.39412313326183,40.83571072581209,191573,161.215,1.0099999999999998,true
448,-82.7307384846143,41.06564302431208,330782,2703.37,42.436000000000014,true
449,-82.5363056090403,40.7485089644293,93279,208.143,3.308,true
450,-84.44401194280906,39.41363809812684,635769,869.7019999999998,13.086,true
451,-84.02247308093004,39.16226156993945,350446,2101.0420000000004,21.545999999999996,true
452,-84.4899518973833,39.17473122438596,818955,344.16800000000006,3.867,true
453,-84.22420246458753,39.9099191742069,500250,2555.7,12.418000000000001,true
454,-84.16780657212227,39.73934604429751,486235,263.254,2.371,true
455,-83.81383650797211,39.947901850956825,100018,180.584,3.7270000000000003,true
456,-82.82512961684401,38.939682572211005,334305,3981.207999999999,27.411,true
457,-81.83594010788964,39.33892021175888,149453,1847.0180000000003,17.367,true
458,-84.14705222060815,40.80061123893408,365921,3334.2689999999993,24.32599999999999,true
460,-86.03233337996053,40.05352763134521,603288,1957.9919999999997,9.108,true
461,-86.20532097176566,39.64418765876866,582130,2811.6769999999997,15.069,true
462,-86.1375205381837,39.7924907445014,986025,413.56399999999985,7.808999999999999,true
463,-87.22877366126403,41.50710292372588,687743,1722.3400000000001,27.231,true
464,-87.33425602568,41.54939525649917,124862,93.71799999999999,8.227,true
465,-86.01472933047329,41.548826772886535,493172,2115.956,40.739000000000004,true
466,-86.27757146241282,41.67490240115324,147931,136.592,1.4100000000000001,true
467,-85.19606878290018,41.19254001040055,338251,3071.4210000000003,41.39200000000002,true
468,-85.13633089551963,41.09633850564742,330151,300.08099999999996,0.6130000000000001,true
469,-86.0470552311195,40.6580936823487,304425,2969.613,20.788999999999998,true
470,-85.03276811501841,39.16601744317311,117550,1370.082,14.63,true
471,-85.87733904299633,38.38529568941784,307281,2089.3730000000005,16.998,true
472,-85.76593909828223,39.064234463991134,217502,2090.0090000000005,11.397,true
473,-85.21893765462623,40.061056188796,310621,2526.4220000000005,14.868,true
474,-86.58486026778,39.05700202090057,261524,2269.841,36.36299999999999,true
475,-87.0631603057353,38.467816921824465,164169,2536.2869999999994,40.459,true
476,-87.45824937015864,38.075546209675295,128947,1483.1909999999996,26.817999999999994,true
477,-87.55423351309861,37.99665029018457,183242,234.14,3.5289999999999995,true
478,-87.32759531143034,39.45209648276865,182342,1786.5989999999997,23.776999999999997,true
479,-86.96320464935432,40.425729484779175,314372,3685.095000000002,18.131000000000004,true
480,-82.95546979211122,42.613338953641026,1171359,1277.258,60.402,true
481,-83.4687929536493,42.25804699466757,1638092,1766.4679999999998,57.10199999999999,true
482,-83.11064081639623,42.393389053929816,855742,189.824,7.185999999999998,true
483,-83.29194164153829,42.61956372000615,1029419,687.972,35.657,true
484,-83.51893991663512,43.0515504377911,461606,3041.5960000000005,75.389,true
485,-83.69697002178752,43.01989765263221,166590,114.06400000000001,1.534,true
486,-84.23605596950351,43.70281435757319,391724,4173.183999999998,112.604,true
487,-83.66187810430606,43.72675329771026,202818,2829.731999999999,161.788,true
488,-84.5751494526145,42.92255385869693,642187,4101.805,54.559,true
489,-84.5735845009665,42.718472046964735,161419,96.143,1.7510000000000001,true
490,-85.60223280144682,42.22803445927985,752981,4074.822000000001,129.24099999999996,true
491,-86.33851992918872,41.874517276747,108171,529.0669999999999,21.911999999999995,true
492,-84.33376981713285,42.108992378772136,348410,2537.635,48.184,true
493,-85.5618986980838,43.11388780991126,353477,2508.677,68.70500000000001,true
494,-86.09410695388168,43.08334382982751,600667,2557.532999999999,149.12500000000003,true
495,-85.65185657393282,42.93791711575819,434060,197.14500000000004,4.868,true
496,-85.5822967882043,44.555760859732935,277984,4656.271000000001,271.2610000000001,true
497,-84.46961050809075,45.41885076978607,224413,6900.717000000003,982.2360000000003,true
498,-87.34209363269481,46.083589724901515,177431,8297.462999999998,505.69199999999995,true
499,-88.86057036755123,46.811923670463194,78756,5555.563,244.22699999999998,true
500,-93.70546840847527,41.772053954492605,266638,3560.958,14.378,true
501,-93.40837403292392,41.69556018387721,191617,3838.278000000001,25.858999999999995,true
502,-93.63450758853907,41.60281720949984,244425,3655.076999999999,24.270999999999994,true
503,-93.64939349093198,41.599683498520456,305837,149.58700000000002,3.4269999999999996,true
504,-93.30731632912881,43.15820787240063,102140,3466.0009999999993,13.259999999999998,true
505,-94.3950155633009,42.66973909986991,121468,4614.017000000003,20.476000000000003,true
506,-92.43207379202815,42.62774847756767,169599,4089.339,14.108999999999998,true
507,-92.31578727033383,42.467348894567735,76874,190.335,2.801,true
508,-94.50787657635814,41.004557096397285,31837,2246.273,9.714000000000004,true
510,-95.98811366535014,42.65764320763647,88313,3965.929999999999,10.053,true
511,-96.37737534725144,42.50982240305883,89446,129.862,1.847,true
512,-96.0804888932826,43.232803063702185,46686,1419.154,0.45200000000000007,true
513,-95.10244950183912,43.29043473994724,47002,1481.406,36.746,true
514,-95.08025383089095,42.09767867567798,46978,1922.0889999999997,5.290999999999999,true
515,-95.69409452817831,41.30322209485787,147157,3367.021999999998,18.547000000000008,true
516,-95.30291824409407,40.74673413448459,22642,1112.7530000000002,6.939,true
520,-90.84145638789094,42.4753391945088,145906,2303.892,37.231,true
521,-91.72846155959319,43.216688885351104,57349,2314.1549999999997,16.264999999999997,true
522,-91.6062001613325,41.77735768087059,179927,2213.1689999999994,6.798999999999998,true
523,-91.68453762535422,41.89534885991768,172984,2697.6630000000005,15.926999999999996,true
524,-91.67295540746693,41.97785372842721,145125,129.132,2.69,true
525,-92.44737188301004,41.008954950306105,110255,3325.3920000000003,35.92700000000001,true
526,-91.34747236846235,40.811163564717766,101989,1849.2280000000003,49.355,true
527,-90.68363870175612,41.627498939331474,174654,1851.5369999999998,39.559000000000005,true
528,-90.60785325733441,41.55734060337662,104187,108.523,2.381,true
530,-88.16615698252417,43.36758964947384,661962,2688.9000000000005,66.804,true
531,-88.14859985598211,42.789940425602666,697740,1628.8959999999997,53.348,true
532,-87.96400664726153,43.05221848974563,805414,160.41799999999998,6.807,true
534,-87.82891778712293,42.742125910519206,128061,58.062,8.502,true
535,-89.36174536131064,42.93446100433936,584416,4855.38,74.62499999999997,true
537,-89.3943236677579,43.068947538989846,308529,113.74199999999998,5.3260000000000005,true
538,-90.67609143273366,42.84022975177294,59929,1315.599,44.597,true
539,-89.45355969981104,43.59063375159518,204054,3167.5780000000004,99.879,true
540,-92.55905969744279,45.030966735608956,158345,1531.186,39.302,true
541,-88.19165688124357,44.66162620704291,266935,4267.642,108.27300000000002,true
542,-87.62101424697748,44.40235151060088,131357,1368.8790000000001,50.309000000000005,true
543,-88.01786355847574,44.51774604036963,187864,163.643,3.059,true
544,-89.7844349521884,44.799586425108885,391455,7432.807,164.554,true
545,-89.66464016918908,45.84026363495808,92425,5729.3550000000005,383.88400000000007,true
546,-91.00242407337787,43.90365027806742,256071,4374.737,107.302,true
547,-91.53041942620399,44.84726982802845,273772,4512.93,108.93599999999998,true
548,-91.76316439164862,46.02787015779568,184910,7429.422999999999,354.38700000000006,true
549,-88.60077908519101,44.13856585390313,500483,3011.234,75.81799999999998,true
550,-93.05118849343792,44.917479117591284,717213,4359.726000000001,176.097,true
551,-93.09165557266321,44.94943065283077,825004,279.12500000000006,27.379999999999995,true
553,-93.61164228662625,45.02247256528495,1054753,4339.064,221.36400000000006,true
554,-93.30634496292176,44.99832359062449,1141314,287.53200000000004,15.263,true
556,-91.22927736693211,47.505619284008525,16415,3020.3370000000004,333.72400000000005,true
557,-92.79356108131373,47.17741871211877,167715,9943.021999999999,674.7870000000001,true
558,-92.12722062304248,46.84451632522612,118413,528.615,56.812,true
559,-92.35638316555625,43.96029174560878,346486,4689.09,54.167999999999985,true
560,-93.9526613137641,44.10804521513247,268839,5206.8409999999985,124.71799999999999,true
561,-95.63551251316105,43.85541046456597,90605,5043.630999999999,77.60499999999998,true
562,-95.49563266415646,44.98970399138978,143899,7156.890000000001,167.64100000000005,true
563,-94.46985012899083,45.698672375660195,323577,5642.440000000001,367.39900000000006,true
564,-94.44311528323092,46.538390663596516,151024,5139.061999999999,558.208,true
565,-96.18329217472872,46.751688252267606,181359,6930.800000000002,423.10400000000004,true
566,-94.54783587334704,47.69755192362435,91757,8953.116,675.401,true
567,-96.32417057719408,48.234475268985406,68658,7363.1280000000015,526.9819999999999,true
570,-96.94251070530001,43.47806833012463,189277,5918.530000000001,66.568,true
571,-96.73679585440796,43.53242298975445,199599,175.86,0.7590000000000001,true
572,-97.08717542969889,45.00924199284225,73347,6416.387,261.51300000000003,true
573,-98.31842522266179,43.843604280898326,83087,10521.555000000004,163.70399999999998,true
574,-98.65290244850962,45.41362212858792,60620,9165.063000000002,174.87799999999993,true
575,-100.4558731662592,43.917481785601936,52132,14664.386,307.28499999999997,true
576,-101.11524863946231,45.39905680128016,20310,11570.872999999996,271.7060000000001,true
577,-103.29151572394004,44.10007629224069,206436,17529.34799999999,58.49300000000001,true
580,-97.1286951280518,46.73109441318165,95026,6320.209999999998,29.768000000000004,true
581,-96.8310579094311,46.8504067847732,128195,71.377,0.051000000000000004,true
582,-97.31471467512023,48.013225435221976,101624,6252.266000000001,37.93599999999999,true
583,-99.44399409315287,48.36771918615701,46724,8032.013999999998,345.429,true
584,-98.85091029301043,46.82553654596046,46899,11323.006999999998,291.7510000000001,true
585,-100.84423886167365,46.83933325703075,158269,9937.178999999998,385.23699999999985,true
586,-102.84852722820776,46.8348340290668,50814,10594.486,51.169,true
587,-101.50565426416965,48.25317753984538,97778,11105.194000000003,410.836,true
588,-103.58439388457833,48.16232591877847,53114,4395.223,141.28400000000002,true
590,-108.94139417138489,45.70345548819357,87410,25896.396999999997,105.174,true
591,-108.51099049529098,45.759306590695175,143646,813.6690000000001,3.9840000000000004,true
592,-105.15274782608958,48.077643668313726,38250,16879.754000000004,260.346,true
593,-105.47592494814985,46.49940388728584,34379,22237.806999999993,219.85800000000003,true
594,-111.37895109416607,47.641826586999414,133271,21677.645999999993,175.04299999999998,true
595,-109.4601142734954,48.47897510351556,31261,13837.240999999998,98.53399999999999,true
596,-111.98866949914162,46.59317191043161,85912,6238.303000000001,78.791,true
597,-111.64997089450009,45.76805818040042,192749,14989.609999999999,85.468,true
598,-114.12838094625829,46.89567115552282,209069,12823.057999999995,148.57799999999997,true
599,-114.47531297223703,48.28711157417833,128791,8066.356000000001,252.88500000000002,true
600,-87.98940573231287,42.206279697746204,1676902,1111.797,51.07899999999998,true
601,-88.1757568273493,41.970926004717185,1451501,1240.304,10.845999999999998,true
602,-87.690919228637,42.04420685889007,82744,8.463,1.7690000000000001,true
603,-87.79516441761041,41.888506498182316,66293,7.177,0.002,true
604,-87.86757142881439,41.58514839078461,1449402,1739.6170000000009,28.84799999999999,true
605,-88.17709046804436,41.74154721506715,1035179,1208.758,12.639,true
606,-87.68186442131973,41.86718795446245,2729418,221.66599999999997,11.655,true
607,-87.8015920523635,41.97045675824058,112037,15.631,0.0,true
608,-87.7282941172348,41.76946748876872,152743,25.305000000000003,0.6619999999999999,true
609,-87.88826494768317,40.987701832563786,158968,2664.5080000000007,6.908999999999998,true
610,-89.3829456768213,42.18247658300151,303121,3415.5659999999984,39.31000000000001,true
611,-89.04943464646136,42.288511683119246,226388,194.64,2.874,true
612,-90.41150247445898,41.49868281733958,210905,1945.4850000000001,57.101000000000006,true
613,-89.06931512782799,41.340946524956,144915,2428.279,21.584999999999994,true
614,-90.40094127113946,40.86823080339949,134608,3353.946000000001,25.054000000000002,true
615,-89.61924945049256,40.673836839162824,204306,2003.908,58.93600000000001,true
616,-89.61696346317292,40.71403427926768,163918,149.146,15.613999999999999,true
617,-88.94882860963334,40.51742852567357,233236,2635.481,10.201000000000002,true
618,-88.13047606396617,40.12303956876101,289939,2188.6230000000005,8.351999999999999,true
619,-88.23745915471007,39.600643048743116,100527,2000.5719999999997,13.971,true
620,-90.02050331772666,38.9304832960492,295890,2688.015999999999,65.268,true
622,-89.89575105313614,38.519902180830805,451516,3193.477999999999,88.43400000000007,true
623,-91.1890007964026,39.98354303104995,106538,3023.500000000001,61.681000000000004,true
624,-88.2427573750439,39.02557538493005,144964,3839.511000000001,18.771999999999995,true
625,-89.09846343940326,39.740360539914896,176726,2220.9590000000003,19.170999999999996,true
626,-89.92090846227943,39.82794056131518,157302,3580.6320000000014,45.019999999999996,true
627,-89.65964221447963,39.78544741209606,138293,139.57,5.681,true
628,-88.75283776979944,38.31529751423778,201471,4649.499000000001,63.506,true
629,-88.9770517150847,37.64157100261368,212727,3595.713000000001,102.27500000000008,true
630,-90.55146061526666,38.530109720291215,737206,2117.007,25.916999999999994,true
631,-90.31413514573553,38.622966337683266,908289,293.295,11.182,true
633,-90.77165742309282,38.83846684670928,533757,2941.3589999999995,69.47799999999998,true
634,-91.62422685525733,39.832051327783454,67569,2990.0429999999997,46.204,true
635,-92.57990178947891,40.15096163765189,59912,3084.8840000000005,22.341,true
636,-90.5006706716624,37.776102588286975,133185,3546.936,24.498000000000005,true
637,-89.6773226789919,37.37018024083189,130643,1946.942,24.423,true
638,-89.76887081585974,36.59109378769617,111510,2679.758999999998,67.91299999999998,true
639,-90.51549147449683,36.8068077680169,76234,2999.4779999999996,28.419,true
640,-94.30861541602472,39.02543070372444,651937,2862.5400000000004,41.653,true
641,-94.55570271353926,39.107314805035045,603729,392.92100000000005,6.296999999999999,true
644,-94.63786531641989,40.006808611539235,99140,4795.709999999998,34.16499999999999,true
645,-94.81986897059326,39.76905380777439,83402,176.64600000000002,3.6719999999999997,true
646,-93.55969323226844,39.8338948955858,69435,4510.803000000001,39.592999999999996,true
647,-94.15738209072646,38.14905406334003,112867,4401.951999999999,93.179,true
648,-94.42763598143048,37.01478129145151,202960,1709.15,5.0520000000000005,true
650,-92.38814595805061,38.39846478558974,156000,3692.8340000000007,95.831,true
651,-92.21503884238795,38.54078695164299,69690,211.63299999999998,7.622,true
652,-92.30533739263808,39.032046765573206,280851,3756.7859999999996,54.925,true
653,-93.26981845221079,38.70330475134845,104009,2660.917000000001,75.81800000000001,true
654,-91.84654283202596,37.82364332331298,91048,2590.976,7.462999999999999,true
655,-92.07018456964197,37.69849302532737,121726,3710.936999999999,11.807,true
656,-93.24129568100292,37.04966786703026,211958,5089.503,96.29100000000001,true
657,-93.0914528503982,37.06258609864365,302280,5341.599000000001,80.79499999999997,true
658,-93.3016020584853,37.19164955089043,235840,225.77799999999996,2.322,true
660,-95.01428430681362,38.930590447198654,520536,4698.867,91.11599999999999,true
661,-94.71589291635621,39.11449818975398,161409,136.959,4.3309999999999995,true
662,-94.70288154071577,38.95293301932063,412202,170.17600000000002,1.8099999999999998,true
664,-96.32694620144699,39.17075735291523,86151,2996.376,21.169000000000004,true
665,-96.31274290181067,39.22556949657034,132958,3292.2969999999996,53.09,true
666,-95.72574485553967,39.03604298937645,163787,295.763,8.327,true
667,-95.0193896082489,37.53035566325789,112846,3939.855999999999,34.586000000000006,true
668,-96.2794620975391,38.392224512593764,57330,4267.022,59.836000000000006,true
669,-97.72386170711205,39.72430315496117,24077,3602.2060000000006,16.017999999999997,true
670,-97.28151727458695,37.6067776740934,185142,6746.136000000001,39.863,true
671,-97.42660453360327,37.66421580891334,114435,4329.9180000000015,14.879,true
672,-97.33116560752232,37.69096183213923,426121,262.36699999999996,6.562000000000001,true
673,-95.57740737439444,37.19447745198097,56967,2359.237,27.118000000000002,true
674,-97.6455067362844,38.83996568256737,133537,7215.721,41.88499999999999,true
675,-98.35094019363108,38.16204978406559,116239,7133.976,29.252999999999993,true
676,-99.3954737985069,39.126641769310886,57610,6908.921999999999,36.775999999999996,true
677,-101.13769388803486,39.388756464787356,30543,8420.065999999999,2.449,true
678,-100.62269270916748,37.874532228038746,116660,12877.215000000002,7.720999999999997,true
679,-101.05451948630578,37.111419203305736,29222,1682.0369999999998,0.753,true
680,-96.24139429032407,41.30080680533927,237860,3081.789999999999,55.971999999999994,true
681,-96.05082181420346,41.24122998132925,647269,282.63199999999995,6.262999999999999,true
683,-96.75091892294063,40.44705128592003,81932,4332.410999999999,23.778,true
684,-96.69879700937797,40.69324726189711,74724,3279.336,20.659,true
685,-96.6738434347492,40.80274204452359,299302,262.66600000000005,2.569,true
686,-97.42422409436679,41.471982273697,74904,4444.581999999999,37.941,true
687,-97.39043268170326,42.26014392781846,127969,10291.222999999998,76.116,true
688,-98.78117024346038,40.95522703007238,171453,9209.097000000002,53.44,true
689,-98.69869832209089,40.46101842994685,70732,5366.224000000001,31.021000000000004,true
690,-100.85408928224729,40.33536391408323,24128,5312.757000000001,20.421000000000003,true
691,-101.33163672660815,41.152187190678916,76343,14400.533,82.972,true
692,-100.4187853945856,42.61466083862741,8626,4793.889999999999,32.494,true
693,-103.29825320841292,42.14648124932318,67226,12281.167999999998,90.06,true
700,-90.18435523954572,29.93965197615938,577963,1160.233,416.18499999999995,true
701,-90.05990948262563,29.97309204352679,422866,180.357,57.538999999999994,true
703,-90.76952853941796,29.676729573178918,271130,2000.7630000000006,317.125,true
704,-90.13653448781926,30.48414895021276,466967,2781.309,52.577000000000005,true
705,-92.0839956655525,30.209949164645526,631411,4648.087,228.52600000000004,true
706,-93.24311928488352,30.30404544612729,285033,4520.832,406.55500000000006,true
707,-91.03032829247292,30.45724321986503,433284,3175.802,113.19000000000001,true
708,-91.09921451751607,30.431910749530626,389884,222.35199999999995,9.530999999999999,true
710,-93.50983123324322,32.50628197202013,174018,4842.843000000001,143.56999999999996,true
711,-93.75171533069661,32.465427946656845,293196,530.221,31.603,true
712,-92.11303002769124,32.53388540694937,333872,5825.519000000001,136.23100000000002,true
713,-92.16914005651493,31.307098436553233,193619,4187.290999999999,195.59799999999998,true
714,-92.90924554527953,31.48276651364686,184035,6159.085999999999,252.88099999999994,true
716,-91.88013810187441,33.81852102730041,149082,5146.33,162.02700000000002,true
717,-92.80742360611713,33.383663840873446,98186,3882.1009999999997,28.769999999999996,true
718,-93.8759481595026,33.634561740769314,119249,4032.9899999999993,103.47399999999999,true
719,-93.26711755609942,34.44443279511415,171393,3809.545,115.24499999999999,true
720,-92.24629163965174,34.91607108106559,404697,6043.195000000001,170.67899999999997,true
721,-92.20496336880663,34.883353919050165,320816,4267.8330000000005,116.07999999999998,true
722,-92.37526138395381,34.72927180114527,221257,281.32300000000004,12.112,true
723,-90.4029407173853,35.21427904174767,152751,4161.680000000001,131.90600000000003,true
724,-90.65832006470387,35.956946868949586,236306,4249.397,25.734000000000005,true
725,-91.77673988495107,35.91737206618238,106962,3229.929,55.359000000000016,true
726,-92.90670840690133,36.26393118497126,137816,3673.795,70.44999999999999,true
727,-94.16709350852462,36.21301679442905,544503,2647.2409999999995,50.007000000000005,true
728,-93.25470132086815,35.323947346545395,121707,2890.856999999999,74.80800000000002,true
729,-94.26374564752565,35.35514990201256,226825,2747.667,45.688,true
730,-97.60057092652109,35.404468248382095,786510,7907.866999999997,97.46600000000001,true
731,-97.53295545225217,35.45976251920433,695364,391.13300000000004,10.165,true
734,-97.05760605732448,34.164021272580726,91815,2786.9680000000003,114.65900000000002,true
735,-98.51885586767436,34.5869349621026,203576,5679.553999999999,66.01199999999999,true
736,-99.25940517418951,35.4187147886797,57207,4933.069,34.391999999999996,true
737,-98.04656570295278,36.367013619427674,107630,5661.990000000001,30.327,true
738,-99.4563413071473,36.45822367165368,31415,5130.7880000000005,11.931999999999997,true
739,-101.42971666754147,36.75928753163797,28352,5108.538,14.078000000000003,true
740,-96.05741150031116,36.18520292692639,653697,6027.126,124.78399999999999,true
741,-95.9242867212248,36.113252404938585,436076,258.963,5.848999999999999,true
743,-94.99523070824958,36.53573584510046,124287,2643.061,103.28900000000003,true
744,-95.4215954062876,35.71211399050307,214701,3520.722999999999,241.46999999999997,true
745,-95.72798572976491,34.74289643140063,81699,4782.909,103.70400000000004,true
746,-97.11458573897849,36.717481884321295,52836,2303.15,50.867,true
747,-95.71291998520546,34.00108051905337,88777,3183.8950000000004,85.97399999999998,true
748,-96.79830781855387,35.226703092524865,198552,4724.184000000001,56.045000000000016,true
749,-94.6579028075795,35.358483659931466,106802,2917.545,66.644,true
750,-96.79055246671483,33.02734583662674,2599128,1439.3620000000003,101.463,true
751,-96.56501462247493,32.60645460604158,895229,3478.6690000000003,168.21900000000002,true
752,-96.78776162706751,32.81404954342714,1377042,363.84299999999996,7.336,true
754,-95.90637946090139,33.28644458974027,386794,6071.429000000001,240.913,true
755,-94.26653789677549,33.36849870227009,124136,2026.3730000000005,63.59000000000002,true
756,-94.68268238390344,32.50550432920744,338835,4117.857,109.21700000000001,true
757,-95.36113334313214,32.28714388716003,374557,3187.7940000000003,93.57600000000002,true
758,-95.68778386146242,31.54811427784973,122775,4574.3859999999995,84.295,true
759,-94.48247041681437,31.352063537524266,248839,6330.845999999999,333.63200000000006,true
760,-97.29050779814315,32.68852417125603,1338458,2945.7299999999996,52.77999999999998,true
761,-97.34018989864688,32.76762070930302,1069815,485.39799999999997,23.976,true
762,-97.20027647602551,33.19906917973682,568726,3541.815,94.322,true
763,-98.63168955246982,33.88749038793281,170081,4771.939999999999,96.65199999999999,true
764,-98.3982666439764,32.54460448669851,147352,8106.043999999998,121.06000000000004,true
765,-97.6185378986556,31.073795095194487,553698,4874.988,53.13,true
766,-97.08434112783998,31.673522834147096,168354,4752.524000000001,97.47900000000003,true
767,-97.15697004679153,31.54961316324916,189612,314.60999999999996,17.766,true
768,-99.23486055026991,31.477527284200114,83969,9911.653000000002,60.449000000000005,true
769,-100.53688995596282,31.377305524694695,137236,10034.500999999998,33.918000000000006,true
770,-95.44153655256046,29.781329099789485,3194004,830.1899999999998,17.198999999999998,true
772,-95.343537,29.720884,4280,0.51,0.002,true
773,-95.39940839536291,30.20342441902047,1410270,3732.4090000000006,161.89499999999995,true
774,-95.75420405323277,29.686233166544998,1415035,5134.386999999998,222.35399999999996,true
775,-95.13876298008199,29.558841161112582,1327761,2726.6079999999993,184.84999999999994,true
776,-94.0119420932318,30.096020868047948,280996,2230.2139999999995,98.72100000000002,true
777,-94.16539159051086,30.042734855263344,141526,398.40299999999996,18.206999999999997,true
778,-96.32195764683341,30.597998861146127,342720,4091.5849999999996,64.57000000000001,true
779,-96.96097427494014,28.900253295235334,168889,4620.175,392.78299999999996,true
780,-99.11124554733593,28.59559953283668,604187,11005.683000000005,120.47,true
781,-98.12784661287039,29.467062491388532,501192,4297.41,31.385999999999992,true
782,-98.54212869690083,29.479817919639416,1845233,877.705,11.104999999999999,true
783,-97.69857300934012,27.790992892375414,229678,7043.503999999999,198.779,true
784,-97.41815426798998,27.688714664053236,319759,307.914,62.801,true
785,-98.01198413193988,26.21169122106717,1378106,3839.7679999999996,360.34900000000005,true
786,-97.79572367723371,30.352444586831677,1214672,7340.459,101.65700000000001,true
787,-97.76569077845069,30.30572760196891,1149365,540.2470000000001,12.825000000000001,true
788,-100.22268703757904,29.263864225964603,171133,11212.641,101.11500000000001,true
789,-96.8965062678864,29.93709768152749,70835,2728.732,24.921000000000006,true
790,-101.6997571159714,35.24782701613627,213990,19466.968,54.769000000000005,true
791,-101.85412282244212,35.18329256997876,235893,692.0050000000001,8.876999999999999,true
792,-100.62489172255748,34.308397750488396,29177,8029.238999999999,56.227000000000004,true
793,-102.22865170222381,33.35051749166389,143832,10442.321000000004,16.172,true
794,-101.9089394614107,33.54108325882137,283176,460.039,3.07,true
795,-100.24748196539095,32.58576801827029,96386,8989.366,38.01000000000001,true
796,-99.76729351348904,32.41068313015585,136859,532.8619999999999,7.04,true
797,-102.2970708093471,31.88960622307845,453410,13206.972,13.490000000000002,true
798,-105.70261992265083,31.27684394942287,73294,9658.599000000002,9.860999999999997,true
799,-106.33394551441833,31.79636359330629,814018,912.637,1.119,true
800,-104.92167653174985,39.77680669239813,916945,432.22499999999997,7.673000000000001,true
801,-104.90295479187127,39.50894340093925,749106,3379.2,19.600999999999996,true
802,-104.9740152681232,39.75621315812359,1145547,254.05299999999997,3.0410000000000004,true
803,-105.26151558950494,40.01561588652898,131690,159.814,4.123,true
804,-105.68928726040437,39.75678696268985,226614,9158.599999999999,68.54499999999999,true
805,-105.0917667334012,40.39652171784271,612474,2885.3809999999994,51.644000000000005,true
806,-104.75169706214794,40.22718466438365,310408,3062.2749999999996,41.381,true
807,-103.21830208755443,40.36744642782125,68365,9492.957,20.007999999999996,true
808,-104.5087433574173,38.9015009274177,131809,9976.725,22.896,true
809,-104.76802275896688,38.869001823585094,609563,867.1160000000001,1.0779999999999998,true
810,-104.38292123913102,38.11084262653406,236790,18625.604000000003,92.36199999999998,true
811,-106.50714804635413,37.4168939233506,73921,9829.027,32.038999999999994,true
812,-105.85109286467834,38.53302562444218,90532,7419.518,29.174000000000003,true
813,-108.14462780571036,37.41568765935987,69798,4687.625000000001,17.136000000000003,true
814,-107.93497987609065,38.49722565637193,87391,5687.638,13.003,true
815,-108.56908191561372,39.09921461231604,152614,2254.174,7.916,true
816,-107.26755818102475,39.65274749116126,160430,15126.094000000001,31.761000000000006,true
820,-105.05851284759363,41.233753676935706,137598,5182.647000000001,19.619,true
821,-110.64908699999998,44.519967,392,2969.91,160.785,true
822,-104.52683138694499,42.191923139036525,23706,6574.542999999999,36.592,true
823,-107.25011527639859,41.78788936763705,14702,3722.3080000000004,41.91,true
824,-108.84429872857943,44.43164155548024,53109,8388.444000000001,44.745999999999995,true
825,-108.51459865442332,42.9420670667595,38062,5315.4259999999995,45.943999999999996,true
826,-106.31159888101494,42.94307171989989,95498,7953.999000000001,69.54699999999998,true
827,-105.3652363269163,44.1541960270647,60965,8786.483,15.882999999999997,true
828,-106.89117185767181,44.713070626856016,38658,4366.531,15.293,true
829,-109.63606299214037,41.48988280376884,68562,5721.023999999999,79.1,true
830,-110.68536341731401,43.42466018857949,22696,2074.49,61.681,true
831,-110.75828764012758,42.65628590206046,22228,3352.358,7.0649999999999995,true
832,-112.35842613112362,42.91746648914065,182009,15089.669000000004,174.931,true
833,-114.32900157907653,42.67671251428655,206663,8482.443,45.39899999999999,true
834,-111.93098462259309,43.67700305786625,241799,9013.327999999998,87.72200000000004,true
835,-116.55521645922832,46.22818416191113,71706,6554.328999999998,42.64200000000001,true
836,-116.47513113330284,43.688413235003964,552046,14287.019000000002,161.35500000000002,true
837,-116.17080900932373,43.631861791719146,292941,1228.48,12.164000000000001,true
838,-116.73629333184819,47.72192783458281,291723,6512.148999999999,276.73199999999997,true
840,-111.82607962908256,40.63326312565832,1554159,11041.657,163.68400000000005,true
841,-111.90074894746645,40.70654248600257,639653,388.963,32.113,true
843,-111.9043316342433,41.67996753949844,207793,4643.506000000002,63.837000000000025,true
844,-112.01122079827397,41.23916952444009,214320,201.752,1.827,true
845,-110.2288293966251,38.79563092142645,53784,9982.182,184.096,true
846,-111.64111294122401,40.0098802719418,322911,3603.5759999999996,11.183,true
847,-113.26450999240262,37.396376916352686,277618,9809.128999999994,20.589,true
850,-112.09242443690776,33.530865817329875,1453040,542.6859999999999,1.2380000000000004,true
851,-111.62321743364366,33.085637744915466,465873,3409.0670000000005,4.710999999999999,true
852,-111.80985783187494,33.406951110143964,1638038,1508.81,16.439999999999998,true
853,-112.63761730599322,33.442422923375744,1498703,13579.277,27.631999999999994,true
855,-110.39213282875211,33.400822794741046,97662,6842.241000000001,55.354,true
856,-110.62111799979454,31.829660176512004,320981,14473.005000000005,9.295,true
857,-110.94782089426234,32.23793539554945,914763,1684.941,0.766,true
859,-109.9344834924979,34.257042147734104,79880,5978.603,14.635000000000003,true
860,-111.33526695961437,35.620536414670866,185306,17732.904,41.982000000000006,true
863,-112.26338447752624,34.65827966905335,233657,7064.3,1.3790000000000002,true
864,-114.22155078752832,35.00094443955042,208463,9490.66,116.39899999999999,true
865,-109.52323545662193,36.02534887398582,56573,7986.008,7.975,true
870,-106.73891134036884,35.02533054252245,197966,10499.665999999997,9.263000000000002,true
871,-106.65834180093636,35.12781883965359,761757,851.444,5.506,true
873,-108.66274654290304,35.514693963430396,73531,4896.527999999998,4.2620000000000005,true
874,-108.2148890903649,36.72231570112317,117791,3927.0300000000007,23.333,true
875,-105.96906203324485,35.85648415810281,242823,6493.324999999998,23.157000000000004,true
877,-104.86675478692905,35.95860001964737,37715,8364.509,16.48,true
878,-107.40638979984514,33.96119724844507,17364,8213.046999999999,5.22,true
879,-107.1568290751479,32.98370595678398,16082,3452.9409999999993,57.26800000000001,true
880,-107.01612771727841,32.29791309299874,284649,14264.433,17.214999999999996,true
881,-103.31137911867064,34.39551306564504,69693,8000.678000000001,22.833999999999996,true
882,-103.96906732111627,32.872228878959575,201726,13155.194999999998,31.380999999999997,true
883,-105.87028321962579,33.008013697434514,77256,9651.202000000001,5.1770000000000005,true
884,-103.88487668990817,35.401480738709665,16740,10031.764999999998,29.752,true
890,-115.11467131974257,36.1653002664258,708276,13453.023999999998,148.187,true
891,-115.19709875867808,36.14277431773123,1613587,1811.592,0.059,true
893,-115.04289794248234,39.48546145827493,10701,6780.750999999999,2.686,true
894,-119.34790937778462,39.5116574464036,323324,16389.931000000004,86.56200000000003,true
895,-119.81250166530513,39.52896786599946,318842,1131.391,14.940999999999997,true
897,-119.752091214097,39.164382815514045,70130,213.215,9.992999999999999,true
898,-115.6789253995081,40.915782768708276,59626,9349.642,17.413999999999998,true
900,-118.29847887684114,34.03607467167543,2446649,218.47799999999992,1.301,true
902,-118.29504566009463,33.929226683916916,1245296,294.932,19.055,true
903,-118.35002716422154,33.953318247594126,131449,10.588999999999999,0.03,true
904,-118.48363632516855,34.023306848517784,95701,8.961,0.566,true
905,-118.3320521817725,33.83594816917842,177499,23.608999999999998,0.052,true
906,-118.03680769497244,33.92449281693608,734503,109.141,0.9450000000000002,true
907,-118.18484589486695,33.822451785871756,631374,167.32500000000002,229.11700000000002,true
908,-118.16907840042313,33.806888894620734,476403,54.54900000000001,12.962999999999997,true
910,-118.11076603174936,34.17896775794884,288910,114.05799999999999,0.4000000000000001,true
911,-118.12832179493586,34.152874638865086,166885,28.967,0.133,true
912,-118.24970921435909,34.17077825092945,208457,33.24,0.13699999999999998,true
913,-118.55819446996136,34.269676376465156,1418782,779.177,4.279,true
914,-118.45473828746532,34.18879648163011,316469,33.544,0.197,true
915,-118.3220255236135,34.18715445497217,111209,21.168999999999997,0.044,true
916,-118.38924368886711,34.175592794866986,218858,21.175,0.15600000000000003,true
917,-117.81840177531816,34.06917901381057,1981670,627.16,4.6979999999999995,true
918,-118.13419879843724,34.08519797478415,83043,7.584,0.001,true
919,-117.00337575280558,32.67241155747339,586193,795.4029999999998,6.544999999999998,true
920,-117.12617673717416,33.07889629676731,1329759,3081.3790000000004,21.541999999999998,true
921,-117.12185676051043,32.790266507230655,1376155,334.40399999999994,19.889000000000003,true
922,-116.1616371911201,33.60860090146694,811413,8360.835999999998,19.807,true
923,-117.28316962136269,34.27030620611908,1208418,7843.520999999997,27.529000000000003,true
924,-117.30201870844391,34.16198830187292,258420,142.42200000000003,0.501,true
925,-117.2283274653877,33.77802462590077,1525360,1773.3689999999997,18.622999999999994,true
926,-117.79012350630589,33.63160160152646,1420403,492.63300000000004,15.673,true
927,-117.87220049690987,33.735055220950684,477722,55.971000000000004,0.115,true
928,-117.81953429822947,33.844471701674735,1287065,328.15000000000003,2.053,true
930,-119.06973937964932,34.26930307952784,707903,1331.3349999999996,20.36,true
931,-119.83095446241524,34.4582620716422,192247,364.66999999999996,3.4770000000000003,true
932,-119.3258639712184,36.02661292373631,805075,7574.1089999999995,34.977999999999994,true
933,-119.011847593197,35.34073228469619,586945,1027.737,3.1690000000000005,true
934,-120.5353461744101,35.10715238402683,522401,4578.282999999999,53.231,true
935,-118.13317094495517,34.886618025432504,567030,6983.082,106.305,true
936,-119.84829169454777,36.826837376998284,635857,6625.447,65.584,true
937,-119.79274942070975,36.77592902845316,613359,387.4639999999999,1.583,true
939,-121.62665593484037,36.59316086283304,407846,1978.9579999999996,31.525,true
940,-122.25994602694287,37.505080080755334,874419,467.7099999999999,5.857999999999999,true
941,-122.43681128199484,37.76064139804447,873935,49.14999999999999,4.6129999999999995,true
943,-122.13563300490021,37.43668699812138,119769,24.481,0.194,true
944,-122.30361615920634,37.55233165144103,143508,18.144,0.732,true
945,-122.0193825798236,37.86212208781909,2508179,2536.822,91.077,true
946,-122.2233283548661,37.79461559584954,462600,60.90899999999999,5.129,true
947,-122.27318662319267,37.875711028397156,152304,16.899,2.276,true
948,-122.3389946782706,37.95171899304977,184598,40.533,10.359,true
949,-122.5969180949179,38.090950313775465,395442,735.1900000000003,42.522999999999996,true
950,-121.85711545147984,37.14694887330039,892631,2305.2879999999996,9.661000000000001,true
951,-121.85750743942029,37.31082516590197,1034394,428.4969999999999,1.5509999999999997,true
952,-121.24583678674058,38.027970609969195,540324,2139.0150000000003,52.656,true
953,-120.93377314152683,37.610978813452,1129334,5473.046999999999,88.49799999999996,true
954,-122.85627673647204,38.67964143050381,514316,4823.848,67.72099999999999,true
955,-124.05914801265276,40.93082785836266,167124,4182.179,57.698999999999984,true
956,-121.3564159042871,38.6279512960587,1259936,4005.7660000000005,48.85699999999999,true
957,-121.29593614800596,38.64467815252431,382680,899.2189999999999,16.221999999999998,true
958,-121.43465823833697,38.571639531280795,898858,216.37500000000006,3.865,true
959,-121.6075454460611,39.39990670173647,526179,5956.2789999999995,83.988,true
960,-122.35754499363796,40.63143545675375,308547,11504.835000000001,129.23099999999997,true
961,-120.32565319235422,39.7190962858316,114466,5807.541,184.68699999999998,true
967,-157.33744086535822,21.039085278512236,1024490,4608.335,448.2429999999999,false
968,-157.83189240386997,21.32061026755111,430628,92.70100000000001,12.714000000000002,false
970,-122.57691199578151,45.43629802181479,855795,4932.201,73.10000000000001,true
971,-123.1864681960778,45.50025137035724,355473,2103.84,67.639,true
972,-122.65467441603549,45.509479143187654,940940,263.95200000000006,32.178000000000004,true
973,-123.11619452873143,44.80404589599737,662714,3901.6519999999996,36.420999999999985,true
974,-123.33162852114557,43.74050481095104,594227,8146.491999999998,159.31400000000005,true
975,-122.99206961492041,42.36509478514328,309853,3073.56,18.307000000000002,true
976,-121.65019863545011,42.29924963528064,74205,6001.4,316.7759999999999,true
977,-121.11175478553294,44.11733792267275,259417,12441.426999999996,148.26700000000002,true
978,-118.67285812494923,45.51476459412349,152029,15234.759000000002,72.665,true
979,-117.19359721848372,43.974337315589935,32444,9512.468,47.257000000000005,true
980,-122.1640764613586,47.56664415829192,1590953,2052.9539999999997,69.52199999999998,true
981,-122.32985747080129,47.60811767822163,1017427,171.23600000000005,38.927,true
982,-122.27464310473025,48.276060106314716,984003,5441.897000000002,369.4389999999999,true
983,-122.55590500909827,47.40388078387892,818134,5243.77,282.3739999999999,true
984,-122.47503449172521,47.201120523281794,450094,160.548,12.763,true
985,-123.0227938308864,46.976413362993846,534122,5358.612999999999,355.76099999999997,true
986,-122.5821083515728,45.79303854394402,665335,3831.0029999999997,195.88,true
988,-119.88881692846117,47.58453225684846,241952,10324.041000000001,186.32,true
989,-120.44870408273214,46.62157903853757,301472,5330.967000000002,55.172999999999995,true
990,-117.37250533278703,47.679930988072876,168691,2223.1230000000005,26.286,true
991,-117.7094179961757,47.67730602997999,121014,11778.041999999998,232.13800000000003,true
992,-117.37396469010291,47.68466674659451,385114,336.76399999999995,1.33,true
993,-119.04372710713143,46.292889714558264,404636,7537.072,155.38199999999998,true
994,-117.29474527473987,46.35930199901451,22324,664.871,4.416,true
995,-150.81799967643664,61.162600297553674,321952,53382.56600000001,2955.545,false
996,-151.68351035181755,60.727233597026206,205192,49484.253999999986,1687.3389999999995,false
997,-150.0742520936794,65.65591332693805,133536,80725.44,2421.8859999999995,false
998,-134.4315382868716,58.04040239660828,50299,13348.538999999999,1866.5210000000002,false
999,-131.65805839540883,55.661043161582775,21178,7110.072,1201.277,false
